"","Row.names","gene","baseMean","log2FoldChange","lfcSE","stat","pvalue","padj"
"102","NM_001964","EGR1",565.777276820792,2.6924384319239,0.0776026120966873,34.6952036687801,9.30604249705451e-264,1.22783924706137e-259
"112","NM_002228","JUN",1148.85003780555,1.76963124790882,0.0590489718181403,29.9688748748911,2.49795315102189e-197,1.64789969372914e-193
"156","NM_004454","ETV5",390.633035442514,2.43191497762211,0.0823044628462175,29.5477899195581,7.01079334182049e-192,3.08334691173265e-188
"93","NM_001554","CYR61",547.367327685572,1.73786055168013,0.068029440973464,25.5457126622283,6.12726376621504e-144,2.02107795328603e-140
"20","NM_000963","PTGS2",155.226094546908,2.80965411347931,0.126888242562587,22.1427459056615,1.22539269367937e-108,2.80089684340195e-105
"101","NM_001946","DUSP6",175.759453627231,2.45706586831681,0.110973558800961,22.1410027295216,1.27371388967801e-108,2.80089684340195e-105
"144","NM_004040","RHOB",820.211605253942,1.0782408135783,0.0488178819554475,22.0870052199792,4.21424305073079e-108,7.94324611590601e-105
"98","NM_001901","CTGF",241.01666953188,1.55284145975428,0.0854029471766881,18.1825277825793,7.09850288624933e-74,1.17072058851467e-70
"168","NM_005252","FOS",177.153859098113,1.84251729001675,0.103571973147235,17.7897285725886,8.4890103769883e-71,1.24448892126648e-67
"154","NM_004431","EPHA2",511.267495012169,1.09136929496745,0.0643703128903835,16.9545438877382,1.78138377887007e-64,2.35035775784116e-61
"266","NM_080671","KCNE4",1153.36017679079,0.87696218382834,0.0533316122938745,16.4435715724474,9.32572690830533e-61,1.11857855298346e-57
"110","NM_002167","ID3",420.980223454504,-1.19622142876016,0.0728267312618773,-16.425581761437,1.25474632780307e-60,1.37959358741947e-57
"3","NM_000043","FAS",279.683404808503,1.34463447132568,0.0831636311871502,16.1685396865335,8.40674742725786e-59,8.53220196578771e-56
"108","NM_002133","HMOX1",79.3111893285781,2.83690255794004,0.1816837418633,15.6145097455915,5.79891362567424e-55,5.46506188408185e-52
"233","NM_018841","GNG12",169.998952804001,1.55183116700118,0.102719671424404,15.1074389694017,1.44653428290286e-51,1.27237155524136e-48
"251","NM_024753","TTC21B",660.230677640608,0.812212457329746,0.0540144415768151,15.0369500011341,4.2048156514583e-51,3.4673961065838e-48
"129","NM_003254","TIMP1",826.924622078335,0.796807069103979,0.0530245779749403,15.0271270330629,4.87703520579092e-51,3.7851530885415e-48
"121","NM_002852","PTX3",478.848885592633,0.987326814074459,0.0690338562192484,14.3020666691247,2.12406759767846e-46,1.55694154909831e-43
"240","NM_020799","STAMBPL1",167.720338459295,1.3528041729478,0.0972551644423951,13.9098440756746,5.51996535314766e-44,3.64152114347151e-41
"109","NM_002160","TNC",1155.67020375569,0.611401332865379,0.0455743579592079,13.415467825408,4.90825964872346e-41,2.94361717296624e-38
"274","NM_139276","STAT3",1462.3204441748,0.513377179636109,0.0384410200716698,13.354931234368,1.10860471546549e-40,6.35953505037029e-38
"206","NM_014331","SLC7A11",1985.54928241312,0.568053084473146,0.0429289311574011,13.2324068910626,5.7031326660658e-40,3.13529718316967e-37
"205","NM_014330","PPP1R15A",413.917865491768,0.902045225361759,0.0685440876470808,13.1600734115275,1.48941087055478e-39,7.86051481043993e-37
"63","NM_001252226","PLK2",1241.5250729129,0.807883566661008,0.0634198013127404,12.738664422443,3.60513559586853e-37,1.76170959451442e-34
"28","NM_001040619","ATF3",253.67330650422,1.00552046146375,0.0792824289664999,12.6827655833883,7.36853233857833e-37,3.4721577026858e-34
"81","NM_001300","KLF6",444.211137780163,0.782464957619745,0.0619686517079553,12.6267868680979,1.50290740977878e-36,6.83771047055904e-34
"282","NM_153690","FAM43A",394.694448024341,0.80593620339659,0.0639209725052883,12.6083219921273,1.89995210545108e-36,8.35598935977383e-34
"162","NM_004907","IER2",259.096557544908,0.97655154879287,0.0790422878787097,12.3547986147793,4.58903895468428e-35,1.89211812400326e-32
"190","NM_006516","SLC2A1",648.968679559133,0.630097986598462,0.0509912005159258,12.356994544611,4.46541642571793e-35,1.89211812400326e-32
"288","NM_181784","SPRED2",612.671284441464,0.697790855311404,0.0570107779896479,12.2396304684372,1.90899786601282e-34,7.63252055884034e-32
"79","NM_001293290","SPRY4",44.3351607378766,2.73459648407383,0.228053916181233,11.9910086608671,3.96052812235377e-33,1.53691788371575e-30
"13","NM_000599","IGFBP5",792.924958206826,-0.699988936101989,0.0589969584416039,-11.8648309097976,1.80266314014163e-32,6.79552499172246e-30
"36","NM_001136528","SERPINE2",1116.05145543966,0.601930832293637,0.0509592730111037,11.8119980275716,3.38422173657981e-32,1.2403172664565e-29
"252","NM_025081","NYNRIN",1082.64615967782,-0.598601176263349,0.0509693846617529,-11.744328094911,7.55203344914408e-32,2.62214550863176e-29
"143","NM_003999","OSMR",1173.000920225,0.571773954828403,0.0492559371828795,11.6082240544018,3.74309067487402e-31,1.2346584591072e-28
"14","NM_000602","SERPINE1",72.0893730994991,1.79629518611555,0.156541103616374,11.4749107079098,1.76359636253332e-30,5.54021200172966e-28
"242","NM_021158","TRIB3",600.724061304033,0.603759414282501,0.0526942756641809,11.4577799328762,2.14954156019886e-30,6.59559333610787e-28
"223","NM_016639","TNFRSF12A",116.022677256588,1.42528935779408,0.124751301386506,11.4250460071614,3.13489546820052e-30,9.40041154714494e-28
"113","NM_002229","JUNB",292.121732098309,0.866947427484511,0.0767508049444433,11.2956134872078,1.3793746511487e-29,4.044326477168e-27
"145","NM_004073","PLK3",100.175106141202,1.45354209500413,0.128800941991921,11.2851821774355,1.55319458785087e-29,4.45496725915314e-27
"324","NR_135789","RSRP1",908.488600576225,-0.525545652045003,0.0482836135489384,-10.8845550988501,1.36563824320866e-27,3.83366616614789e-25
"122","NM_002928","RGS16",168.384242288953,1.11866408574152,0.103606418125638,10.7972469850755,3.54678862130627e-27,9.7492352228156e-25
"17","NM_000757","CSF1",358.347130039381,0.892278627259462,0.0837151831632433,10.658504151147,1.59136298173626e-26,4.28498840429147e-24
"193","NM_006931","SLC2A3",112.849753833521,1.27143552893698,0.119604310388305,10.6303487291484,2.15305878516452e-26,5.68149152229212e-24
"12","NM_000584","CXCL8",40.1935943724861,3.03363285339822,0.285748468481354,10.6164448387802,2.49897996978773e-26,6.4650081806626e-24
"247","NM_024111","CHAC1",361.080901232069,0.709270659021889,0.0681768619317097,10.4033925722827,2.39259908501436e-25,6.07076006301529e-23
"275","NM_139314","ANGPTL4",204.363217393574,0.890902577904412,0.0859903670307954,10.3604927931678,3.75024856890011e-25,9.33599615435246e-23
"221","NM_016201","AMOTL2",633.146033890799,0.575876604180578,0.0558841804929578,10.3048232809488,6.70147324319654e-25,1.63739329575435e-22
"171","NM_005345","HSPA1A",365.879138745041,0.751786602206296,0.0731877226842744,10.2720316281658,9.41996723386787e-25,2.21941156577951e-22
"107","NM_002089","CXCL2",37.1623890281556,2.45641532180501,0.241986139740344,10.1510579260481,3.27790579554574e-24,7.58748930990009e-22
"104","NM_001986","ETV4",57.4036128900764,1.83570634864091,0.180912194095512,10.1469464665923,3.4189365517763e-24,7.77749118347181e-22
"120","NM_002826","QSOX1",544.476831309842,0.573586400066221,0.0565661618367586,10.1400975678976,3.6673311049142e-24,8.20114688105728e-22
"88","NM_001330450","MAP2K6",651.315571104624,-0.697486975383168,0.0688764151365446,-10.1266445705751,4.20843693345607e-24,9.25435281666989e-22
"177","NM_005475","SH2B3",785.615072276844,0.534954107036468,0.0528374915821845,10.1245174783589,4.3009481935713e-24,9.30273942065241e-22
"45","NM_001159920","FLT1",46.8462113738856,2.04496968765475,0.202175411485183,10.1148288638682,4.74846153973833e-24,1.01050325089206e-21
"80","NM_001293294","MYEOV",715.159635004334,0.51970844879594,0.0516080129673785,10.0703053443357,7.47456676529713e-24,1.56538783970366e-21
"172","NM_005346","HSPA1B",394.803079331823,0.670108293990409,0.0666189044278245,10.0588308941107,8.39897904572024e-24,1.73150202389426e-21
"181","NM_005842","SPRY2",123.660345434,1.08896883848822,0.110926314382376,9.81704696988687,9.50882146084105e-23,1.9301444669898e-20
"91","NM_001423","EMP1",395.413916471355,0.742102436172274,0.0756061335490605,9.8153734536726,9.66793410153368e-23,1.9327079172066e-20
"176","NM_005438","FOSL1",35.7669228840384,2.27877141020716,0.236876133147121,9.62009713655633,6.57690253277519e-22,1.25761814518023e-19
"208","NM_014391","ANKRD1",128.302896434031,1.05815126884202,0.11005804721255,9.61448340800072,6.94571188936864e-22,1.30916746669043e-19
"227","NM_018286","TMEM100",263.267940459666,0.828902961090797,0.0865580833521732,9.57626288602411,1.00619975137147e-21,1.86983091825285e-19
"64","NM_001254738","RND3",322.92652419535,0.711653602318437,0.0743427828485461,9.57259837539635,1.04252017368471e-21,1.91041821827722e-19
"117","NM_002506","NGF",70.9839936666053,1.39534732874719,0.147506878467339,9.45954075664441,3.09298622082333e-21,5.51471083750581e-19
"210","NM_014421","DKK2",334.702798023631,0.693658254673981,0.0736763248802167,9.41494103841002,4.73347990805353e-21,8.32713785424777e-19
"273","NM_139202","MLC1",346.480641924269,-0.714333275684371,0.0759750790536361,-9.402205099123,5.34313373863546e-21,9.27596138783636e-19
"94","NM_001565","CXCL10",51.662628110024,1.74954438628269,0.187226918730877,9.34451305475744,9.23132639296828e-21,1.5615143644721e-18
"188","NM_006475","POSTN",217.434223764731,-0.993159811324698,0.107560857417816,-9.23346870940989,2.62006680071822e-20,4.37584321122483e-18
"40","NM_001143676","SGK1",354.882169832647,0.625281645615347,0.0690248188780506,9.05879444204065,1.31900244656744e-19,2.14850842963097e-17
"222","NM_016270","KLF2",40.2685771420027,1.87920051287543,0.208304548752317,9.02140891368569,1.85685595984693e-19,2.91659018264529e-17
"237","NM_020529","NFKBIA",468.989267129474,0.598671963347496,0.0668586078953795,8.95429896303403,3.41901177905294e-19,5.30711075444994e-17
"198","NM_012323","MAFF",33.679611967383,2.10829498968357,0.237328704337378,8.88343867030298,6.482472438888e-19,9.71928879076003e-17
"278","NM_152486","SAMD11",52.8007142348928,-1.81385691294877,0.204295128004929,-8.87861071706519,6.77005898836798e-19,1.00364222800592e-16
"138","NM_003866","INPP4B",55.0900182289213,1.52456811530677,0.173474164275594,8.78844479045725,1.51644527661986e-18,2.22310877552471e-16
"300","NM_207459","TEX19",435.031779910384,0.529837941206102,0.0605282390240117,8.75356609988132,2.06714722140223e-18,2.96455874338925e-16
"70","NM_001282426","PIK3CG",44.5254006007975,1.73178085524643,0.198073336357806,8.74312962607993,2.26740285001655e-18,3.21678636592671e-16
"246","NM_022468","MMP25",90.1251744543073,1.1988398276946,0.137173628451233,8.73957947478802,2.33979735908226e-18,3.28417939954589e-16
"10","NM_000399","EGR2",80.7051392655757,1.22878584428474,0.143927485663377,8.53753429111287,1.37116287065295e-17,1.8273861530702e-15
"140","NM_003897","IER3",154.98693789204,0.885418418068795,0.104230181658891,8.49483713811863,1.98210644879128e-17,2.58929826587645e-15
"22","NM_001003940","BMF",249.439445287789,-0.664543930185155,0.0787502550633015,-8.43862574985918,3.21090391896796e-17,4.11307439872459e-15
"106","NM_002061","GCLM",428.840825401899,0.565236631486984,0.0697964164355127,8.09836178350541,5.57042033600526e-16,6.6212726047976e-14
"189","NM_006509","RELB",96.7610100961203,1.06883919176694,0.132494900257041,8.06702136982923,7.20339447109724e-16,8.41075988067761e-14
"146","NM_004093","EFNB2",140.780672359647,0.846919878103273,0.105032640651639,8.06339698639249,7.42030605756247e-16,8.58802790556836e-14
"124","NM_002982","CCL2",37.9009241803073,1.76718511070746,0.21967145159586,8.04467352434416,8.64756480707485e-16,9.92138870126483e-14
"142","NM_003955","SOCS3",185.179007761187,0.691530339887728,0.0871787849855319,7.93232367258266,2.15082978883532e-15,2.36483735282444e-13
"16","NM_000610","CD44",108.337442666185,1.02439955464369,0.129164457020406,7.93097093639195,2.17439106751149e-15,2.37098477229311e-13
"232","NM_018837","SULF2",239.357423027411,-0.6122115116936,0.0776600382311374,-7.88322444384448,3.19039260064664e-15,3.39468064297837e-13
"96","NM_001850","COL8A1",111.393273819691,0.899597286336229,0.116194891706306,7.74214144120937,9.77561507702997e-15,9.92149733279488e-13
"53","NM_001173523","PCDH7",52.125621815364,1.28089869046282,0.16848806836564,7.60231097007482,2.90888700452229e-14,2.84295223241979e-12
"265","NM_052947","ALPK2",19.3691686270587,2.51911925414068,0.332930654390634,7.5664983711141,3.83418990448969e-14,3.71972805881154e-12
"61","NM_001242412","AHRR",197.899032439008,-0.690623367943894,0.091403708221943,-7.55574780693742,4.16460095260967e-14,4.01078430428701e-12
"184","NM_006096","NDRG1",192.840441416219,0.655727957948512,0.0892445025395108,7.34754454660336,2.0188102604494e-13,1.84973490113676e-11
"234","NM_018948","ERRFI1",161.257030917219,0.717378950226963,0.0978517776033125,7.33128173854123,2.27961852545524e-13,2.0460739336637e-11
"243","NM_021724","NR1D1",153.664999966825,0.736538324482917,0.100556115814175,7.32464970946191,2.39523534114237e-13,2.13531993858327e-11
"195","NM_007350","PHLDA1",49.4030892487516,1.3027139023817,0.178104831457239,7.31430973389662,2.58707786780594e-13,2.27559369252211e-11
"241","NM_021020","LZTS1",294.235067751183,0.547184562631277,0.0757280926126635,7.22564828656169,4.9871694637949e-13,4.30070025524902e-11
"74","NM_001289","CLIC2",274.633238717475,0.622821127979097,0.0865149738063047,7.19899805290941,6.06566171660939e-13,5.12105660280338e-11
"276","NM_144665","SESN3",154.713781630781,-0.732521978776955,0.101762221521329,-7.19836858733888,6.09372356101357e-13,5.12105660280338e-11
"116","NM_002421","MMP1",13.6908162231947,3.45307804397698,0.481605830175693,7.16992575176524,7.50384522493972e-13,6.26618568973764e-11
"204","NM_014220","TM4SF1",78.0943094498531,1.04664050951512,0.146373958340351,7.15045573257948,8.64902713802295e-13,7.13220400369218e-11
"87","NM_001322934","NFKB2",300.127421791773,0.536920740486992,0.0759672507634292,7.06779217480208,1.5741806115218e-12,1.25535790778177e-10
"212","NM_014470","RND1",58.3422202343661,1.11859939439496,0.158277500275897,7.06733043196353,1.5794255926313e-12,1.25535790778177e-10
"30","NM_001080466","BTBD17",328.385696135243,-0.50213360312378,0.0717592175662425,-6.99747879302404,2.60609493460096e-12,2.02263626865442e-10
"135","NM_003670","BHLHE40",134.012847692873,0.782014050313068,0.112105961183557,6.9756687517503,3.04419227717167e-12,2.34883467280719e-10
"315","NR_033752","NMRAL2P",65.2533148788733,1.15025492042071,0.165483158681267,6.95088811204159,3.62993690293339e-12,2.75249353432777e-10
"264","NM_033306","CASP4",263.625673746211,0.616432658172477,0.0890272816163401,6.92408716722332,4.38795676314419e-12,3.30826865902426e-10
"4","NM_000076","CDKN1C",117.131338093654,-0.832650507284514,0.12035107216025,-6.91851341528411,4.56407578758467e-12,3.40217039216905e-10
"219","NM_015589","SAMD4A",145.400689091319,0.710830668484777,0.102882327191152,6.909162029005,4.87524873503026e-12,3.61370965224658e-10
"24","NM_001017973","P4HA2",200.639935961069,0.617326851370012,0.0932749945168833,6.61835312419421,3.63222542397788e-11,2.40822021326453e-09
"60","NM_001220778","CDKN1A",50.1098627062063,1.13668145807469,0.175926289942454,6.4611233400449,1.03928564756312e-10,6.59246867016721e-09
"169","NM_005253","FOSL2",146.278521953528,0.674445321730535,0.104819124605458,6.43437277566632,1.23984235891164e-10,7.74023010472527e-09
"48","NM_001162371","LOC728392",206.210975368918,-0.552772013436268,0.0866742883823109,-6.37757775406301,1.79910716871199e-10,1.08390045588977e-08
"32","NM_001124","ADM",44.7988768476336,1.135552723213,0.178281398384225,6.36944029777973,1.89719250495178e-10,1.13779808683335e-08
"56","NM_001198595","STON1",227.544330903491,-0.512933814034964,0.0810034081172907,-6.33224978993784,2.41611906301543e-10,1.43595832961376e-08
"310","NR_027011","YBX3P1",100.67357611364,0.781071277858374,0.123792753793712,6.30950725241922,2.79925250097449e-10,1.65620347524024e-08
"203","NM_014033","METTL7A",143.150915347535,-0.685457636842355,0.108684897496863,-6.30683427623548,2.8480049024454e-10,1.67007007479398e-08
"319","NR_046224","LINC00659",21.7669436234426,1.9049838768761,0.302803012230162,6.29116554305646,3.15091088597977e-10,1.82338237849198e-08
"54","NM_001190839","MGP",31.5392912431037,1.44187981591204,0.232514634785147,6.20124327763024,5.60188412530445e-10,3.15860081834474e-08
"90","NM_001394","DUSP4",28.3279018451333,1.61631739352895,0.261763983325016,6.17471270492575,6.62838892817815e-10,3.7057187931518e-08
"131","NM_003407","ZFP36",67.8638053572343,0.888792300476501,0.14424204406897,6.16181160086391,7.19173852232936e-10,3.9868822715804e-08
"187","NM_006454","MXD4",167.079275073323,-0.586797616791848,0.0955071355682555,-6.14401859400846,8.04594175298719e-10,4.44176382798799e-08
"260","NM_032827","ATOH8",60.928726034897,-0.967674044444615,0.158570099942149,-6.1025000602109,1.04422070872668e-09,5.62344817589383e-08
"317","NR_038397","DNM3OS",185.819479255117,0.603436505290455,0.0995722432049648,6.06028834811233,1.35877739796928e-09,7.05815314519946e-08
"286","NM_181353","ID1",142.393089793718,-0.611583322267377,0.101525441874085,-6.02394149661404,1.70219915971245e-09,8.80737871107686e-08
"287","NM_181724","TMEM119",198.634442595585,-0.537490992220953,0.0897695451904933,-5.98745366349338,2.13151639215256e-09,1.09428899914634e-07
"77","NM_001291807","FAP",175.491408249873,-0.564504577382345,0.0953440574133161,-5.9207106630172,3.20553388672788e-09,1.60203841293514e-07
"105","NM_002009","FGF7",151.732564654198,0.631158265073444,0.106902850348413,5.90403588881309,3.54714944808334e-09,1.73981746535359e-07
"290","NM_182898","CREB5",33.7954072294632,1.24050993348249,0.212147263967698,5.84740010444523,4.99315506427773e-09,2.43098479402511e-07
"97","NM_001872","CPB2",161.389253440871,0.557969772433287,0.0957297559700808,5.82859286309759,5.58966893539724e-09,2.71140043873644e-07
"153","NM_004430","EGR3",19.4255327858176,1.69390740911664,0.294558348176289,5.75066848250676,8.88912688061225e-09,4.23404837771834e-07
"69","NM_001278344","ACTN2",181.522755898904,0.523418712903539,0.0918863033372869,5.69637360404224,1.22382543636964e-08,5.64585762498637e-07
"163","NM_004956","ETV1",184.270453820217,0.552864337452514,0.0981917348219037,5.63045696723128,1.79732782159457e-08,8.09349599935792e-07
"128","NM_003246","THBS1",616.181297708757,0.596664221357541,0.106384559976299,5.60856031636985,2.04016597943854e-08,9.03286910493695e-07
"270","NM_138733","PGK2",93.908934934243,0.714864002518934,0.127543406723242,5.6048683415688,2.08413324465917e-08,9.19667358863984e-07
"132","NM_003469","SCG2",81.5724304154043,0.731595692933064,0.130660318353089,5.59921866221115,2.15320064835251e-08,9.43831540012062e-07
"92","NM_001511","CXCL1",15.0957821478737,2.06261528306113,0.37026621730712,5.57062779872859,2.53823051809317e-08,1.09442527633076e-06
"58","NM_001200","BMP2",168.741909732034,0.540802947103079,0.0974581117292867,5.54908090775747,2.87175266300019e-08,1.22621050600727e-06
"83","NM_001314052","KLF4",348.507356084314,0.839180940605335,0.152225510974713,5.51274839041095,3.53273097587933e-08,1.47037389576504e-06
"201","NM_013246","CLCF1",86.5584490109361,0.746065613131704,0.139391703354115,5.35229569034232,8.68453333091683e-08,3.35040154292739e-06
"115","NM_002309","LIF",17.4339720600025,1.62817490897462,0.308599509019642,5.27601263575241,1.32024988716793e-07,4.85219415356368e-06
"18","NM_000809","GABRA4",19.9443024161217,1.4938333056936,0.283733334052979,5.26492000201383,1.40250415143716e-07,5.1401777150172e-06
"150","NM_004417","DUSP1",153.63627443628,0.521688175049394,0.0991977638130184,5.2590719286046,1.44784252783515e-07,5.29164385381081e-06
"33","NM_001130081","PLD1",106.114081611141,-0.614447056509973,0.117089961908275,-5.24764929884693,1.54052195121492e-07,5.5839688528378e-06
"66","NM_001259","CDK6",157.875373558843,0.528197501603494,0.101335523338469,5.21236269574757,1.86450560617465e-07,6.64872620753197e-06
"289","NM_182487","OLFML2A",154.78395147692,-0.513444179076596,0.0985957954499673,-5.20756667901872,1.91333092749763e-07,6.80444427423282e-06
"103","NM_001976","ENO3",211.813124250192,0.506246185943589,0.097653124728196,5.18412685055041,2.17029189459341e-07,7.57535218446175e-06
"160","NM_004764","PIWIL1",17.1596136397818,1.56153008515081,0.30195861091565,5.17133815265503,2.32423530090378e-07,8.04880854596442e-06
"302","NR_002728","KCNQ1OT1",167.216990443615,-0.539642132374594,0.104603326867398,-5.15893852074781,2.48353838309294e-07,8.48906876334929e-06
"167","NM_005245","FAT1",214.616838056275,0.515349918234302,0.101192713520707,5.09275717889358,3.52893543155087e-07,1.16111656069532e-05
"306","NR_024356","FBLL1",36.3638453534997,1.01800897610419,0.202258224241743,5.03321424837312,4.82323556887219e-07,1.53936495447164e-05
"68","NM_001271850","TPTE2",79.267375923485,0.703596832043605,0.139895483113302,5.02944638658388,4.91898014450181e-07,1.55637947305892e-05
"295","NM_201589","MAFA",96.7460785500201,-0.608998955004305,0.12138866635254,-5.01693422708539,5.25025316291841e-07,1.64541188198445e-05
"261","NM_033014","OGN",116.014695269135,-0.654062376833477,0.133011803120009,-4.91732584245439,8.77344499725647e-07,2.62487150326081e-05
"186","NM_006350","FST",50.9447850534588,0.852551835611904,0.173961382852446,4.90081086751902,9.54419052913203e-07,2.84900565251964e-05
"299","NM_207386","SHISA6",43.5413842764603,0.93796157400051,0.191990884122485,4.88544848515889,1.03193685396788e-06,3.03914617215452e-05
"170","NM_005281","GPR3",13.5588146608136,1.72646199457458,0.353561192948728,4.88306417391499,1.04449858495462e-06,3.06929049663501e-05
"123","NM_002966","S100A10",903.583082422369,0.524453481065023,0.107558805225384,4.87596975408995,1.08275199367633e-06,3.16058181516936e-05
"182","NM_005953","MT2A",106.403556255925,0.594083444516491,0.123440913861003,4.81269480219049,1.48908606001386e-06,4.23426755944458e-05
"214","NM_014624","S100A6",3434.42077731948,0.525273027897324,0.109367509481767,4.80282517528567,1.5644246854608e-06,4.41991847965091e-05
"235","NM_020169","LXN",60.4316659932174,-0.816980775544871,0.17022628303948,-4.7993809237754,1.59156829034035e-06,4.48699829545953e-05
"95","NM_001773","CD34",99.7248282845582,0.586249351804687,0.122424841261346,4.78864702428483,1.67909523215917e-06,4.66937546078966e-05
"86","NM_001321544","SLC25A42",83.8429224041397,-0.615762831559163,0.129422874167669,-4.75775890096085,1.95754104302701e-06,5.33632159539222e-05
"263","NM_033104","STON2",105.348714854929,-0.554316988572112,0.117169234676999,-4.73090901464194,2.23516691301375e-06,5.96979600208572e-05
"244","NM_022138","SMOC2",13.2585767748609,1.66890823861758,0.353433718276241,4.72198364875074,2.33555463355953e-06,6.20026314591237e-05
"148","NM_004349","RUNX1T1",115.450411583928,-0.552263639484831,0.117265560664023,-4.70951263403855,2.48309822865857e-06,6.55105864870248e-05
"130","NM_003294","TPSAB1",21.731447552401,1.23103515938832,0.26565608930855,4.63394293950672,3.58765921653945e-06,9.08552316756651e-05
"262","NM_033023","PDGFA",39.9180947734586,0.889233330355912,0.19369202151571,4.59096520030788,4.41200902821449e-06,0.00010942114119974
"202","NM_013280","FLRT1",85.6528098090731,-0.58748296262023,0.128662280411055,-4.56608541946652,4.96916346552444e-06,0.000121638483792448
"111","NM_002192","INHBA",43.1346802904438,0.830941821723588,0.18332186377271,4.53269350759942,5.82362847620725e-06,0.000139703552936506
"178","NM_005545","ISLR",38.3164069860869,-0.889162536315413,0.196216944258598,-4.5315277927454,5.85586310639813e-06,0.000139967858380103
"258","NM_031939","MRO",63.2061000198362,-0.698294013396241,0.154715568357238,-4.51340495860041,6.37950447197473e-06,0.000150037757581523
"308","NR_026874","LOC100130417",15.6183410676911,-1.45513559020608,0.323627339930969,-4.49633084311254,6.91361337232626e-06,0.000161180459076561
"99","NM_001915","CYB561",14.7380783536434,1.50657207919456,0.335592283940716,4.48929296437787,7.14599621778408e-06,0.0001659934403124
"43","NM_001145031","PLAU",13.7675275748992,1.50528279050757,0.335530256789979,4.48628032806526,7.2477369258847e-06,0.000167766036842321
"65","NM_001256025","ARHGAP22",31.4962345984046,0.976861847062851,0.218289344430109,4.47507801909965,7.63834158116229e-06,0.000175270050124966
"316","NR_038313","ITGB2-AS1",104.701093177033,0.520036173776702,0.11632929934684,4.47038000483605,7.80807417112087e-06,0.000178853698982237
"192","NM_006786","UTS2",30.1906655828178,0.970363853650506,0.218958261490323,4.43172980569812,9.34801118901504e-06,0.000208969195056391
"151","NM_004419","DUSP5",31.1292055742253,0.938777430718515,0.212223578311858,4.42353030792366,9.71010027142255e-06,0.000215236635031537
"217","NM_015347","RIMBP2",52.7403220727113,0.742347042747453,0.168813881683124,4.39742890422301,1.09540748669978e-05,0.000238889361644907
"158","NM_004626","WNT11",30.1237613530717,1.00775412135802,0.231030855548387,4.36198930643254,1.28885170887681e-05,0.000276505844665375
"229","NM_018558","GABRQ",104.205268401652,-0.512354975999102,0.117669247075724,-4.35419609398353,1.33556117331676e-05,0.000284675187734109
"215","NM_014800","ELMO1",25.3425554383934,-1.04019408718823,0.23915471455644,-4.3494609299987,1.36472594496959e-05,0.000289488651413645
"277","NM_145253","UBALD1",81.9896659370141,0.565097584755442,0.130353959326141,4.33510104086356,1.45693186005319e-05,0.00030796203599543
"285","NM_178568","RTN4RL1",96.7179115494285,-0.528142262892287,0.121927339824321,-4.33161474410303,1.48019773927314e-05,0.000311478930972405
"9","NM_000379","XDH",104.064709007259,-0.554655229103258,0.128210724877713,-4.32612193427881,1.51757437498752e-05,0.000318328717068129
"159","NM_004657","SDPR",70.8090288099907,0.653451495355247,0.151884388351138,4.30229533429432,1.69037789212351e-05,0.000344711683287134
"249","NM_024503","HIVEP3",73.2213638030616,0.607716772226054,0.142773952082895,4.25649611403355,2.07655644281759e-05,0.000414494488752426
"6","NM_000260","MYO7A",76.2887873482186,-0.700465852339629,0.165849882070163,-4.22349321926739,2.40544610899359e-05,0.000471581812214881
"29","NM_001080437","SNED1",41.2367696708125,-0.970758721697576,0.231703777075669,-4.18965428164147,2.79379777085689e-05,0.000533207052188696
"100","NM_001945","HBEGF",33.9674526046259,0.857876363722781,0.20477165244309,4.18942931547227,2.79656874423661e-05,0.000533207052188696
"26","NM_001031628","SMAGP",53.0702706717453,0.681374657124561,0.162998223028984,4.18025819216077,2.91178295953339e-05,0.000551983683449476
"127","NM_003155","STC1",41.0834800879255,-0.782545683161524,0.188443595541861,-4.15267858221103,3.28606133486051e-05,0.000615856438240761
"305","NR_024204","CYTOR",76.7504798000952,0.56559756788994,0.136287264958153,4.1500397565657,3.32417532205246e-05,0.000619715335260596
"82","NM_001303474","GPR146",17.6475294366071,-1.24122704552057,0.299839515114726,-4.1396379828244,3.47854323032036e-05,0.000641900690641214
"125","NM_002993","CXCL6",38.804712002458,0.786803568684965,0.190714843467671,4.12554971799215,3.69850269500248e-05,0.000674006140301971
"293","NM_198833","SERPINB8",71.8899217242692,0.591606749743944,0.143685274327362,4.11737912958338,3.83205390616232e-05,0.000696420375177764
"31","NM_001099660","LRRN3",31.599965902702,-0.893042722358179,0.217225348783949,-4.11113494515041,3.93718993684984e-05,0.000713561593774681
"15","NM_000609","CXCL12",54.9402054229563,-0.665267073088918,0.161843654401355,-4.11055395127897,3.94711038629012e-05,0.000714378250160656
"11","NM_000503","EYA1",90.2189025142277,-0.526280592454248,0.128113396663386,-4.10792786828556,3.99224735561264e-05,0.00072155769328703
"297","NM_207359","GADL1",49.1428679513816,0.71079011463007,0.17418714062807,4.08061187563651,4.49173035915682e-05,0.000798704721815567
"39","NM_001142651","NEURL1B",70.6574226895282,-0.609345968633139,0.149646982078924,-4.07188945722786,4.66333108317835e-05,0.00082587906458329
"5","NM_000096","CP",31.3688839613224,0.856222564391456,0.211921228968343,4.0402868960304,5.33858549099395e-05,0.000931710277356801
"85","NM_001320912","FXYD5",38.5642052213943,0.761957598229049,0.18870448167244,4.03783519859205,5.39467290804694e-05,0.000940255143312699
"291","NM_182981","OSGIN1",55.143634085994,0.64960579634321,0.160975568494019,4.03543098136252,5.45021598153529e-05,0.000948682713197581
"71","NM_001282667","MICAL2",87.097966970251,0.578466335637683,0.144543193987066,4.00203094785248,6.28010817157411e-05,0.00106366812857187
"207","NM_014353","RAB26",40.3928235880622,-0.761973152253708,0.190757874171712,-3.99445189648011,6.48440843426976e-05,0.00108297828964247
"197","NM_012252","TFEC",72.2517901487446,0.571954240360738,0.143959785544834,3.97301397884211,7.09688825104442e-05,0.00116318439235131
"147","NM_004292","RIN1",34.7008435206874,0.798257662106685,0.2012220052776,3.96704953320306,7.27678733266229e-05,0.00118824173350429
"42","NM_001144950","SSC5D",39.7102163560943,-0.828618626883922,0.208995260706173,-3.96477233064572,7.34660312781933e-05,0.00119668002059813
"298","NM_207361","FREM2",66.4148246898412,-0.591085229707158,0.14935752201389,-3.95751899025338,7.57322683189003e-05,0.00122904249471042
"174","NM_005428","VAV1",19.9030037736101,1.07797238302964,0.27254334201076,3.95523286342868,7.64601410417614e-05,0.00123933059079238
"134","NM_003621","PPFIBP2",14.9522254916541,1.26428564880975,0.319935546130324,3.95168859509832,7.76016801635646e-05,0.00125321489360841
"318","NR_038461","LINC00892",15.7231333580167,1.1993097457185,0.304829480096051,3.9343627307326,8.34177259830899e-05,0.00133246183610277
"296","NM_206862","TACC2",66.0634114367515,0.560402443312167,0.14288914789889,3.92193845055829,8.78394330779566e-05,0.00139297293272904
"211","NM_014467","SRPX2",41.1678662698562,0.715512468737287,0.182641296304145,3.91758317103583,8.94411908999276e-05,0.00141327793141754
"55","NM_001195483","SLC12A8",37.8464961041394,0.776421129573507,0.19823979458618,3.91657553517074,8.98156832374914e-05,0.001415804211034
"52","NM_001168360","PCDH11X",33.549916067059,0.802360475329544,0.205046759193096,3.91306099392651,9.11335037961602e-05,0.00143486330439921
"194","NM_007207","DUSP10",37.3384179647215,0.80362275960152,0.205407777338513,3.91232878333106,9.14103443635586e-05,0.00143549033971164
"254","NM_025216","WNT10A",64.4911970091794,-0.575226397788891,0.148449047097705,-3.87490798381679,0.000106664997193419,0.00163643950345345
"133","NM_003585","DOC2B",67.7582477561864,-0.582551808805893,0.150869918377004,-3.86128537135,0.000112792069424901,0.00172093227548641
"313","NR_028502","MIR22HG",69.4140273116108,0.603978993600771,0.157908565854086,3.82486529678746,0.000130843606904247,0.00195288523698488
"46","NM_001161415","GPR17",59.5804495162533,0.568548828817111,0.151788174638524,3.74567274539721,0.000179910996811785,0.00254693743769816
"25","NM_001025108","AFF3",12.8495364806871,-1.39632624028087,0.372998995345636,-3.74351206760485,0.000181465882886686,0.00256344845696675
"279","NM_152527","SLC16A14",82.5271416798406,-0.502673719512555,0.134932275777506,-3.72537790988888,0.000195022827633522,0.00272001182642356
"19","NM_000927","ABCB1",50.0816513171242,0.620385196816397,0.167619883508805,3.70114322853474,0.000214630276569926,0.00293758492641453
"75","NM_001289808","CRYAB",298.13589985259,0.504761779107082,0.136930185364787,3.68627105676063,0.000227563972791063,0.0030794656994926
"47","NM_001161662","WWC1",56.1433130714961,0.630274355778642,0.171164395009704,3.68227490152324,0.000231161948227844,0.00312296490144381
"245","NM_022164","TINAGL1",46.5611733164665,0.721036620711959,0.196756178897304,3.66461996138023,0.000247706118802706,0.00333493319539072
"89","NM_001347828","PDGFRA",261.37582914691,-0.539167376277364,0.147351246540634,-3.65906219957686,0.000253139900418108,0.00339768855149188
"164","NM_005060","RORC",13.8689628553463,-1.21784782467318,0.332862340006488,-3.65871316247265,0.000253484854975405,0.00339886095177387
"7","NM_000298","PKLR",48.7614904595714,0.661427162329322,0.181794390206009,3.63832548176979,0.000274416483655436,0.00363519185276087
"27","NM_001040058","SPP1",269.651017200357,0.607356359367279,0.166949156344519,3.63797201894168,0.000274793270320126,0.00363653200461759
"231","NM_018717","MAML3",62.8953228212756,-0.561835358662073,0.155042360403931,-3.62375390311607,0.000290357892600912,0.00380813323556306
"84","NM_001319085","ARID5A",57.3851451482038,0.606599465310681,0.168090221900215,3.60877306516248,0.000307648578686202,0.00399519227085211
"256","NM_031891","CDH20",60.4209247406812,0.562371219636898,0.155873069288517,3.60787929694234,0.000308710040059785,0.00400110046026405
"311","NR_027917","CTSL3P",61.7854113088342,0.591792073916778,0.164092261088139,3.60645937835489,0.000310403424506187,0.0040190998851174
"259","NM_032709","PYROXD2",62.77708814638,-0.534195214732398,0.14878826655147,-3.59030471362879,0.000330291613094204,0.00421050004170525
"67","NM_001270507","TNFAIP3",61.6753170077983,0.534939849851754,0.14927638553673,3.5835530712266,0.000338951856409049,0.00430012576294327
"34","NM_001135167","ALDH3A1",33.5912670279734,-0.749214034756002,0.20945054443422,-3.57704505748515,0.000347500292807112,0.00438748216583448
"35","NM_001136493","MFSD2A",17.7604149670764,1.07540935133095,0.300967688234548,3.57317211571518,0.000352682779264095,0.00443171103772425
"161","NM_004857","AKAP5",68.0502968746189,-0.505053482031372,0.141585039857875,-3.5671387495342,0.000360900409944779,0.0045263498182618
"57","NM_001199021","SPON2",28.8661831868411,-0.808560889825466,0.227078874083635,-3.56070503294669,0.000369860379803842,0.00460371495389801
"294","NM_201433","GAS7",103.102796057708,-0.763721664561127,0.215866674353896,-3.5379322299146,0.000403273549154369,0.00495182234214932
"73","NM_001288608","ADAMTSL4",42.5780347391398,0.670490490988743,0.189954815433854,3.5297367400629,0.000415973358451172,0.00508180786241182
"149","NM_004361","CDH7",18.0692520669938,-0.995841137299831,0.282489866677479,-3.52522782148781,0.000423118733778969,0.00516431875437532
"41","NM_001144881","PRICKLE1",35.2419042138683,-0.703864591760749,0.200492928281383,-3.51067041513258,0.000446978205234678,0.00540054302871299
"257","NM_031910","C1QTNF6",28.6017200317684,0.763045929589293,0.21800270597704,3.50016723952801,0.000464966349400105,0.00559231177209205
"166","NM_005195","CEBPD",49.9181613168816,0.588719387372686,0.168286267007133,3.49832103262313,0.000468197195243579,0.0056158125400398
"155","NM_004445","EPHB6",60.6580377409879,-0.619931611436759,0.177955362315356,-3.48363546549484,0.000494652721418058,0.00589561698860873
"314","NR_033690","ZNF436-AS1",47.4427043130655,-0.611849264664067,0.175895523853457,-3.47848115324306,0.000504263896104005,0.00598853091376799
"38","NM_001142633","PIK3R5",34.047910055467,0.715854308896739,0.206350641295242,3.46911598821982,0.000522173965171287,0.00614293070346158
"185","NM_006181","NTN3",25.7280895037059,-0.838213731606023,0.244287230056423,-3.43126299075241,0.000600777854911692,0.00691680891597283
"37","NM_001142618","STRA6",49.1049095826969,-0.609447790210232,0.177735157849542,-3.42896587025369,0.000605885713082344,0.00696346350035578
"152","NM_004420","DUSP8",30.4471325149834,0.775263233133894,0.228339473466541,3.39522212854491,0.000685729414747195,0.00762859519238996
"179","NM_005630","SLCO2A1",27.3486861534,0.782407884438993,0.230645667842822,3.39225051030301,0.000693210301690295,0.00769883562331797
"180","NM_005651","TDO2",21.3912143987195,0.876886886521049,0.258524246892897,3.3918941726357,0.000694112437778066,0.00770237132383835
"216","NM_015080","NRXN2",47.8309515283532,-0.59080231545602,0.175071337330116,-3.37463758754523,0.000739129579631178,0.00805956667244113
"1","NM_000014","A2M",35.7931718555252,0.647257933514694,0.194233050151111,3.33237795015388,0.000861072298171535,0.00905979896497227
"253","NM_025212","CXXC4",42.3118321442034,-0.632305264273964,0.189845525092852,-3.33063033202762,0.000866495894260937,0.00910234620133663
"78","NM_001291867","NHS",29.6187143605708,-0.720633557568555,0.216460476453655,-3.32916922929736,0.000871054605654207,0.00910673095641966
"283","NM_170733","BDNF",25.1497198392738,0.845643667162143,0.253980176681757,3.32956563071359,0.0008698156208394,0.00910673095641966
"272","NM_138806","CD200R1",15.2491670363142,1.02609810586892,0.313793973245102,3.26997391077185,0.00107557403781498,0.0107102821546648
"2","NM_000035","ALDOB",48.9250884297046,0.56616870632164,0.174090438659351,3.25215279300596,0.0011453443413019,0.0112773680889084
"72","NM_001286606","CRACR2B",33.4023860673396,-0.698980575708215,0.215188443294452,-3.24822543909464,0.00116127222590318,0.0113954186564983
"23","NM_001007189","IGIP",44.6454324908237,-0.571939031102971,0.176301997257207,-3.24408707785975,0.0011782771911954,0.0115156957486164
"269","NM_138420","AHNAK2",42.7704819373468,-0.720621857258845,0.222464005431304,-3.23927394843824,0.00119834414373588,0.011651402087289
"301","NR_002312","RPPH1",65.0795801711991,-2.42800234596307,0.749515314545424,-3.23942993404429,0.00119768888696828,0.011651402087289
"312","NR_028270","PCNAP1",48.7331848116925,0.572840138462863,0.17704938477113,3.23548223114906,0.00121437443577263,0.0117773186883688
"165","NM_005139","ANXA3",19.2045340619325,0.869508940577867,0.269144951574557,3.23063440533084,0.00123515816553332,0.01192352519964
"255","NM_030641","APOL6",29.7839067253996,0.694236197259889,0.214916778088418,3.2302559317834,0.00123679451347312,0.01192352519964
"76","NM_001289973","XKR5",47.0873492712341,-0.57394971189588,0.178272861377221,-3.21950131647585,0.0012841377111541,0.0123221185170671
"250","NM_024578","OCEL1",38.9548745373893,-0.609907890187782,0.190628281835754,-3.19946171845205,0.00137684470885628,0.0130129577998923
"321","NR_110456","KANTR",21.5051700083166,-0.837078262785936,0.263676380006533,-3.17464257801627,0.00150021167652493,0.0138903809544351
"226","NM_018203","KLHDC8A",29.7572157898186,0.682266518061591,0.215042101537731,3.1727113583006,0.00151022587934535,0.0139732961094548
"292","NM_198580","SLC27A1",53.3577775959882,-0.535506384588206,0.168871268345978,-3.17109233461241,0.00151866862491478,0.0140317323789395
"239","NM_020770","CGN",56.7202436628641,-0.508293507185158,0.160430479605607,-3.16831008942139,0.00153327885803751,0.0141271517129517
"267","NM_080872","UNC5D",53.8725728050154,0.52208158739725,0.165231250950984,3.15970244365049,0.00157930339968307,0.0144759488129705
"191","NM_006735","HOXA2",15.1824862668743,-1.0052079444106,0.319018322202064,-3.15094110417242,0.00162745303788135,0.0147895708680403
"230","NM_018664","BATF3",51.2252227021088,0.523282738363538,0.167264667001253,3.1284714682726,0.00175718070101433,0.0157693954679084
"119","NM_002648","PIM1",42.426505152399,0.568199406031611,0.18222686744749,3.11808798554549,0.00182028453157724,0.0162605511913541
"322","NR_125346","CCNO",45.8111929869298,-0.606713049753141,0.194629218715742,-3.11727629467213,0.0018253041679391,0.016294359399045
"320","NR_077058","AHCTF1P1",29.8224417421297,0.707939014595328,0.228225600511783,3.10192639654716,0.00192265756343737,0.0169796143855373
"284","NM_173564","NYAP1",49.5803939030319,-0.561752240286876,0.182990317244927,-3.06984680252228,0.00214168596331169,0.0184401831378123
"183","NM_006073","TRDN",40.1020534261792,0.61795915116375,0.201640576356334,3.06465673888825,0.00217919952860566,0.0186946414697159
"303","NR_003291","ANKRD18DP",30.3675881831794,0.658331120063791,0.216506159848166,3.0407038789357,0.00236025835341368,0.0198099546532697
"59","NM_001206","KLF9",48.8316951179375,0.500074132509817,0.164919514694369,3.03223140958522,0.00242753025514466,0.0201947252120925
"281","NM_153256","PROSER2",43.5938442721444,0.539561052409682,0.178812667677531,3.01746548171141,0.00254898069272649,0.0209671142517664
"136","NM_003738","PTCH2",26.2746077878526,-0.692261196202162,0.229909394435079,-3.01101743973163,0.00260373897642378,0.0212584975587472
"137","NM_003745","SOCS1",16.9024178245018,0.850061318363128,0.282469285418552,3.00939380755518,0.00261769570304681,0.0213328456491659
"196","NM_012081","ELL2",48.2853642851254,0.503361660670382,0.167619813161358,3.00299619225696,0.0026733577624678,0.0216926705522756
"126","NM_003039","SLC2A5",18.9376568848502,-0.824442493122012,0.277950726483256,-2.96614620711084,0.00301557093785859,0.0238820185798957
"238","NM_020700","PPM1H",24.0042625533974,-0.716937243328447,0.241740663575804,-2.96572878027048,0.00301966658768294,0.0239001085530226
"236","NM_020180","CELF4",24.5161383364205,0.697145783369124,0.235737351968695,2.95729877996468,0.00310347235340219,0.0244236462619651
"225","NM_017680","ASPN",26.611288941747,-0.683532651389196,0.232157377401507,-2.94426418423505,0.00323723538861021,0.0252166270664423
"118","NM_002526","NT5E",28.9307008570969,0.636736774291134,0.217540792679655,2.92697643714471,0.00342274811250237,0.0264401279838152
"199","NM_012451","SYNGR4",22.3934726910783,-0.726004740513027,0.248768941828185,-2.91838979246232,0.00351844223241759,0.0269897248921614
"224","NM_017563","IL17RD",25.7872038765784,0.679625722959706,0.23348122582753,2.91083670882273,0.00360462346639147,0.0274592390390122
"8","NM_000377","WAS",23.1035213364009,0.726258183894152,0.249845877167238,2.90682476784687,0.00365117667624096,0.0276365823136482
"209","NM_014417","BBC3",28.1449263425754,0.658916960652022,0.226861698611924,2.9044874682843,0.0036785492926395,0.0277675292686251
"200","NM_013238","DNAJC15",34.530523343349,0.605006411908257,0.208740018990926,2.89837288907479,0.00375104322710685,0.0281520274962729
"49","NM_001163257","PLXNB3",26.4888854591903,-0.668472994542597,0.233298384860011,-2.8653134265962,0.00416596681834923,0.0306386656640466
"268","NM_138410","CMTM7",43.0171955868652,0.540216886735304,0.18898106589102,2.85857677957447,0.00425546112080531,0.0311205619535913
"51","NM_001164586","IGFN1",27.883051881555,0.69190261177493,0.243031686670463,2.84696461294412,0.00441382685080789,0.0319774823248541
"157","NM_004624","VIPR1",42.3398891182148,-0.533418681096151,0.187663940087288,-2.84241437565492,0.00447732560383641,0.0322984330328144
"173","NM_005420","SULT1E1",16.7404595859727,0.865251058820103,0.304671341837644,2.83994895483536,0.00451207532683875,0.0324143450697137
"280","NM_152754","SEMA3D",29.4663479985454,0.648699142380887,0.23029996247632,2.81675748187578,0.00485111410177794,0.0343746506223728
"220","NM_016174","CERCAM",35.0190870601527,-0.579394284979457,0.207395787403403,-2.79366467483973,0.0052114487358336,0.0363808754606289
"309","NR_026900","FLJ23867",21.7867584522419,0.736781495640009,0.2638649401049,2.79226749619369,0.0052340067331781,0.03648044629559
"141","NM_003944","SELENBP1",17.9175684455395,-0.807313409419885,0.290386873170482,-2.78013052244935,0.00543370537709494,0.0376299672746302
"323","NR_125813","LOC101929415",23.3225791998611,-0.688107038529713,0.247561821835119,-2.77953617172847,0.00544365904992689,0.0376631554822944
"114","NM_002290","LAMA4",29.2929005031232,0.632979540080058,0.228361970600298,2.77182552951411,0.00557429048991571,0.0384058426756908
"21","NM_001001890","RUNX1",40.3549818059516,0.52178023607284,0.188416167899358,2.76929650937146,0.00561774842482152,0.0386245819265738
"248","NM_024330","SLC27A3",27.3736896373045,-0.615818535173353,0.222766251698198,-2.76441575184224,0.00570248306964923,0.0390260777198466
"218","NM_015419","MXRA5",23.5051634107682,-0.679986825270515,0.248275363903148,-2.73884131949466,0.00616561238637062,0.0414710045831248
"307","NR_026730","TPTE2P1",21.8968130226273,-0.692218489751798,0.25320574310117,-2.73381828260988,0.00626045843765975,0.0419079089936493
"228","NM_018381","C19orf66",32.166851082924,0.598681515956794,0.220242922296345,2.7182781163394,0.0065622653019593,0.0432891946508612
"213","NM_014600","EHD3",34.8879778273607,0.595381389754074,0.21962010919784,2.71096026647422,0.00670886650725296,0.043907135266218
"175","NM_005435","ARHGEF5",16.2478133549248,0.786853704711948,0.29053168616482,2.70832319565158,0.00676241327164815,0.044126251585621
"139","NM_003890","FCGBP",17.1777098382631,0.771270426083158,0.28586203790777,2.69805124082967,0.00697467040550919,0.0450873478368735
"304","NR_004404","SNORA73B",35.3566098722416,-0.968572889800375,0.359660576807126,-2.69301934173283,0.00708081611313813,0.0455062288342643
"50","NM_001164425","MBD3L3",27.6725088576881,0.621134067719985,0.232396154662385,2.672738146732,0.00752349518646278,0.0474952131532009
"271","NM_138780","SYTL5",20.4056057729243,-0.712055962086229,0.266413022037508,-2.67275209237325,0.00752318245411887,0.0474952131532009
"62","NM_001243518","ESRRG",12.9995283588342,-0.88993120664877,0.333085789607203,-2.67177776541664,0.00754505989254353,0.0475403630478603
"44","NM_001145291","PDE6B",13.5965213421018,-0.848957736609561,0.32042030332193,-2.64951292976152,0.00806078877592925,0.0498145419717145
