"","apply(Filter_perClass, 1, mean)"
"V1",0.521990740740741
"V2",0.535807291666667
"V3",0.540943287037037
"V4",0.598126446759259
"V5",0.561125578703704
"V6",0.549189814814815
"V7",0.529803240740741
"V8",0.581922743055556
"V9",0.507486979166667
"V10",0.523871527777778
"V11",0.519097222222222
"V12",0.510199652777778
"V13",0.519422743055556
"V14",0.538375289351852
"V15",0.533275462962963
"V16",0.509693287037037
"V17",0.53587962962963
"V18",0.532986111111111
"V19",0.569245515046296
"V20",0.556640625
"V21",0.562138310185185
"V22",0.585322627314815
"V23",0.555230034722222
"V24",0.525752314814815
"V25",0.583043981481482
"V26",0.588107638888889
"V27",0.582175925925926
"V28",0.580439814814815
"V29",0.576244212962963
"V30",0.58130787037037
"V31",0.584780092592593
"V32",0.59302662037037
"V33",0.603732638888889
"V34",0.581018518518518
"V35",0.580295138888889
"V36",0.539152922453704
"V37",0.573875144675926
"V38",0.585177951388889
"V39",0.615559895833333
"V40",0.629304108796296
"V41",0.604636863425926
"V42",0.6171875
"V43",0.614293981481482
"V44",0.591145833333333
"V45",0.598234953703704
"V46",0.573061342592593
"V47",0.572392216435185
"V48",0.601978443287037
"V49",0.583912037037037
"V50",0.539641203703704
"V51",0.552155671296296
"V52",0.559461805555556
"V53",0.57298900462963
"V54",0.613100405092593
"V55",0.616608796296296
"V56",0.58470775462963
"V57",0.594798900462963
"V58",0.605342158564815
"V59",0.636320891203704
"V60",0.633174189814815
"V61",0.63404224537037
"V62",0.591254340277778
"V63",0.594672309027778
"V64",0.560366030092593
"V65",0.536928530092593
"V66",0.589192708333333
"V67",0.575900607638889
"V68",0.595359519675926
"V69",0.552083333333333
"V70",0.576099537037037
"V71",0.575810185185185
"V72",0.596788194444444
"V73",0.583333333333333
"V74",0.580584490740741
"V75",0.583695023148148
"V76",0.587311921296296
"V77",0.541956018518518
"V78",0.544415509259259
"V79",0.550347222222222
"V80",0.56568287037037
"V81",0.57494212962963
"V82",0.570601851851852
"V83",0.561921296296296
"V84",0.550636574074074
"V85",0.572337962962963
"V86",0.560763888888889
"V87",0.570475260416667
"V88",0.601707175925926
"V89",0.605613425925926
"V90",0.606336805555556
"V91",0.606047453703704
"V92",0.582465277777778
"V93",0.580439814814815
"V94",0.610532407407407
"V95",0.632468894675926
"V96",0.609429253472222
"V97",0.594672309027778
"V98",0.611617476851852
"V99",0.59912109375
"V100",0.622938368055555
"V101",0.638129340277778
"V102",0.647479021990741
"V103",0.632722077546296
"V104",0.609049479166667
"V105",0.59497974537037
"V106",0.583912037037037
"V107",0.579680266203704
"V108",0.593587239583333
"V109",0.572844328703704
"V110",0.597981770833333
"V111",0.597981770833333
"V112",0.564380787037037
"V113",0.580367476851852
"V114",0.573531539351852
"V115",0.563078703703704
"V116",0.559009693287037
"V117",0.588831018518518
"V118",0.577311197916667
"V119",0.616138599537037
"V120",0.566822193287037
"V121",0.580150462962963
"V122",0.570023148148148
"V123",0.552372685185185
"V124",0.557436342592593
"V125",0.560185185185185
"V126",0.560040509259259
"V127",0.553674768518518
"V128",0.551215277777778
"V129",0.555826822916667
"V130",0.567057291666667
"V131",0.555826822916667
"V132",0.552662037037037
"V133",0.551649305555556
"V134",0.560185185185185
"V135",0.561197916666667
"V136",0.563657407407407
"V137",0.540364583333333
"V138",0.524631076388889
"V139",0.544270833333333
"V140",0.548177083333333
"V141",0.553385416666667
"V142",0.55859375
"V143",0.565104166666667
"V144",0.555989583333333
"V145",0.549189814814815
"V146",0.558159722222222
"V147",0.57349537037037
"V148",0.572247540509259
"V149",0.543547453703704
"V150",0.553819444444445
"V151",0.565104166666667
"V152",0.535337094907407
"V153",0.563368055555556
"V154",0.558702256944444
"V155",0.573784722222222
"V156",0.563295717592593
"V157",0.575050636574074
"V158",0.563295717592593
"V159",0.56665943287037
"V160",0.5517578125
"V161",0.535807291666667
"V162",0.54271556712963
"V163",0.5517578125
"V164",0.562626591435185
"V165",0.56372974537037
"V166",0.564869068287037
"V167",0.564869068287037
"V168",0.565990306712963
"V169",0.555013020833333
"V170",0.557581018518518
"V171",0.564362702546296
"V172",0.553620515046296
"V173",0.572554976851852
"V174",0.558195891203704
"V175",0.625614872685185
"V176",0.600441261574074
"V177",0.56372974537037
"V178",0.612847222222222
"V179",0.615704571759259
"V180",0.611328125
"V181",0.611328125
"V182",0.573857060185185
"V183",0.558051215277778
"V184",0.556857638888889
"V185",0.521954571759259
"V186",0.541377314814815
"V187",0.565104166666667
"V188",0.536458333333333
"V189",0.518988715277778
"V190",0.575954861111111
"V191",0.557725694444445
"V192",0.521086516203704
"V193",0.669451678240741
"V194",0.549913194444444
"V195",0.52904369212963
"V196",0.512803819444444
"V197",0.54615162037037
"V198",0.536458333333333
"V199",0.54615162037037
"V200",0.54615162037037
"V201",0.520381221064815
"V202",0.544994212962963
"V203",0.575593171296296
"V204",0.574309172453704
"V205",0.562934027777778
"V206",0.551793981481482
"V207",0.55638744212963
"V208",0.560727719907407
"V209",0.560474537037037
"V210",0.5517578125
"V211",0.565357349537037
"V212",0.549913194444444
"V213",0.56128833912037
"V214",0.530671296296296
"V215",0.530671296296296
"V216",0.545808015046296
"V217",0.515534577546296
"V218",0.506546585648148
"V219",0.512098524305556
"V220",0.544849537037037
"V221",0.514286747685185
"V222",0.530454282407407
"V223",0.513346354166667
"V224",0.543149594907407
"V225",0.536458333333333
"V226",0.5546875
"V227",0.535192418981482
"V228",0.548032407407407
"V229",0.536458333333333
"V230",0.535626446759259
"V231",0.545500578703704
"V232",0.5546875
"V233",0.533854166666667
"V234",0.546296296296296
"V235",0.5185546875
"V236",0.531846788194445
"V237",0.533854166666667
"V238",0.527777777777778
"V239",0.538194444444444
"V240",0.527669270833333
"V241",0.526041666666667
"V242",0.517505787037037
"V243",0.523003472222222
"V244",0.5234375
"V245",0.525083188657407
"V246",0.534288194444444
"V247",0.512622974537037
"V248",0.518265335648148
"V249",0.513020833333333
"V250",0.52857349537037
"V251",0.566478587962963
"V252",0.586624710648148
"V253",0.565321180555556
"V254",0.59056712962963
"V255",0.585431134259259
"V256",0.572627314814815
"V257",0.59765625
"V258",0.596571180555556
"V259",0.568178530092593
"V260",0.551179108796296
"V261",0.519513165509259
"V262",0.561885127314815
"V263",0.571686921296296
"V264",0.565339265046296
"V265",0.548538773148148
"V266",0.551106770833333
"V267",0.544958043981482
"V268",0.561197916666667
"V269",0.563657407407407
"V270",0.563187210648148
"V271",0.585431134259259
"V272",0.525752314814815
"V273",0.558666087962963
"V274",0.559461805555556
"V275",0.554253472222222
"V276",0.540075231481482
"V277",0.540075231481482
"V278",0.53052662037037
"V279",0.549605758101852
"V280",0.569155092592593
"V281",0.564814814814815
"V282",0.551793981481481
"V283",0.560185185185185
"V284",0.549045138888889
"V285",0.564814814814815
"V286",0.560185185185185
"V287",0.574074074074074
"V288",0.569444444444444
"V289",0.564814814814815
"V290",0.550654658564815
"V291",0.516637731481482
"V292",0.550654658564815
"V293",0.569444444444444
"V294",0.587962962962963
"V295",0.597222222222222
"V296",0.578703703703704
"V297",0.594744646990741
"V298",0.578703703703704
"V299",0.606481481481482
"V300",0.645616319444444
"V301",0.597222222222222
"V302",0.651475694444444
"V303",0.652126736111111
"V304",0.670988859953704
"V305",0.65697337962963
"V306",0.684696903935185
"V307",0.65697337962963
"V308",0.64820240162037
"V309",0.653790509259259
"V310",0.641872829861111
"V311",0.624493634259259
"V312",0.623842592592593
"V313",0.642596209490741
"V314",0.610677083333333
"V315",0.596209490740741
"V316",0.611038773148148
"V317",0.620695891203704
"V318",0.609718605324074
"V319",0.527271412037037
"V320",0.554488570601852
"V321",0.592068142361111
"V322",0.577275028935185
"V323",0.58251953125
"V324",0.598777488425926
"V325",0.586552372685185
"V326",0.56566478587963
"V327",0.566370081018518
"V328",0.560438368055556
"V329",0.576461226851852
"V330",0.597258391203704
"V331",0.580367476851852
"V332",0.576877170138889
"V333",0.567599826388889
"V334",0.568287037037037
"V335",0.567853009259259
"V336",0.570601851851852
"V337",0.555266203703704
"V338",0.567093460648148
"V339",0.554108796296296
"V340",0.567672164351852
"V341",0.604618778935185
"V342",0.580295138888889
"V343",0.548900462962963
"V344",0.549949363425926
"V345",0.582320601851852
"V346",0.546079282407407
"V347",0.572735821759259
"V348",0.590928819444444
"V349",0.614402488425926
"V350",0.622540509259259
"V351",0.599717881944444
"V352",0.600658275462963
"V353",0.614402488425926
"V354",0.603877314814815
"V355",0.6396484375
"V356",0.601707175925926
"V357",0.587022569444444
"V358",0.538447627314815
"V359",0.543963396990741
"V360",0.536711516203704
"V361",0.5498046875
"V362",0.564814814814815
"V363",0.560474537037037
"V364",0.592918113425926
"V365",0.563548900462963
"V366",0.59447337962963
"V367",0.523582175925926
"V368",0.523582175925926
"V369",0.532190393518518
"V370",0.558720341435185
"V371",0.544325086805556
"V372",0.539641203703704
"V373",0.580512152777778
"V374",0.598958333333333
"V375",0.573947482638889
"V376",0.617874710648148
"V377",0.52662037037037
"V378",0.565104166666667
"V379",0.546440972222222
"V380",0.585666232638889
"V381",0.540256076388889
"V382",0.569878472222222
"V383",0.577256944444445
"V384",0.588541666666667
"V385",0.588541666666667
"V386",0.608796296296296
"V387",0.61302806712963
"V388",0.635904947916667
"V389",0.622088396990741
"V390",0.609881365740741
"V391",0.609881365740741
"V392",0.587420428240741
"V393",0.568865740740741
"V394",0.575086805555555
"V395",0.586805555555556
"V396",0.612847222222222
"V397",0.59693287037037
"V398",0.586226851851852
"V399",0.607638888888889
"V400",0.612847222222222
"V401",0.585069444444444
"V402",0.594907407407407
"V403",0.594039351851852
"V404",0.594328703703704
"V405",0.571903935185185
"V406",0.59056712962963
"V407",0.594907407407407
"V408",0.607638888888889
"V409",0.603587962962963
"V410",0.577980324074074
"V411",0.590277777777778
"V412",0.594618055555556
"V413",0.607638888888889
"V414",0.572916666666667
"V415",0.626736111111111
"V416",0.637297453703704
"V417",0.632523148148148
"V418",0.594907407407407
"V419",0.616753472222222
"V420",0.616608796296296
"V421",0.608796296296296
"V422",0.594762731481482
"V423",0.591145833333333
"V424",0.582320601851852
"V425",0.603587962962963
"V426",0.609194155092593
"V427",0.617657696759259
"V428",0.627821180555556
"V429",0.636610243055556
"V430",0.636610243055556
"V431",0.626338252314815
"V432",0.603117766203704
"V433",0.620334201388889
"V434",0.586371527777778
"V435",0.564127604166667
"V436",0.558521412037037
"V437",0.558937355324074
"V438",0.605577256944444
"V439",0.585394965277778
"V440",0.612847222222222
"V441",0.584563078703704
"V442",0.586082175925926
"V443",0.572374131944444
"V444",0.595052083333333
"V445",0.609447337962963
"V446",0.635398582175926
"V447",0.625795717592593
"V448",0.625795717592593
"V449",0.606915509259259
"V450",0.621202256944444
"V451",0.602014612268518
"V452",0.587131076388889
"V453",0.568576388888889
"V454",0.622468171296296
"V455",0.618706597222222
"V456",0.627495659722222
"V457",0.637261284722222
"V458",0.584056712962963
"V459",0.62622974537037
"V460",0.622178819444444
"V461",0.61646412037037
"V462",0.65357349537037
"V463",0.652922453703704
"V464",0.671440972222222
"V465",0.6591796875
"V466",0.665400752314815
"V467",0.651511863425926
"V468",0.632450810185185
"V469",0.647171585648148
"V470",0.548900462962963
"V471",0.586281105324074
"V472",0.642469618055556
"V473",0.618272569444444
"V474",0.643048321759259
"V475",0.666413483796296
"V476",0.623878761574074
"V477",0.666051793981482
"V478",0.666051793981482
"V479",0.677155671296296
"V480",0.660662615740741
"V481",0.65625
"V482",0.651765046296296
"V483",0.665943287037037
"V484",0.6513671875
"V485",0.667064525462963
"V486",0.66015625
"V487",0.695421006944444
"V488",0.675383391203704
"V489",0.661458333333333
"V490",0.648980034722222
"V491",0.58275462962963
"V492",0.57298900462963
"V493",0.599518952546296
"V494",0.62474681712963
"V495",0.593460648148148
"V496",0.615596064814815
"V497",0.580584490740741
"V498",0.579571759259259
"V499",0.596390335648148
"V500",0.598524305555556
"V501",0.599645543981482
"V502",0.595920138888889
"V503",0.576750578703704
"V504",0.597620081018518
"V505",0.599247685185185
"V506",0.578993055555555
"V507",0.595920138888889
"V508",0.599247685185185
"V509",0.604311342592593
"V510",0.608796296296296
"V511",0.609953703703704
"V512",0.614438657407407
"V513",0.618923611111111
"V514",0.580439814814815
"V515",0.594762731481482
"V516",0.608796296296296
"V517",0.617060908564815
"V518",0.617693865740741
"V519",0.552282262731482
"V520",0.546440972222222
"V521",0.530707465277778
"V522",0.517379195601852
"V523",0.52734375
"V524",0.538483796296296
"V525",0.529296875
"V526",0.53515625
"V527",0.559063946759259
"V528",0.559063946759259
"V529",0.544994212962963
"V530",0.536892361111111
"V531",0.509548611111111
"V532",0.521990740740741
"V533",0.548177083333333
"V534",0.546875
"V535",0.556423611111111
"V536",0.572952835648148
"V537",0.534866898148148
"V538",0.55005787037037
"V539",0.546911168981482
"V540",0.564742476851852
"V541",0.568504050925926
"V542",0.568504050925926
"V543",0.582971643518518
"V544",0.573206018518518
"V545",0.5615234375
"V546",0.548231336805556
"V547",0.573676215277778
"V548",0.534143518518518
"V549",0.611346209490741
"V550",0.589409722222222
"V551",0.549244068287037
"V552",0.5576171875
"V553",0.556604456018518
"V554",0.543113425925926
"V555",0.556604456018518
"V556",0.561487268518518
"V557",0.553096064814815
"V558",0.552119502314815
"V559",0.555627893518518
"V560",0.543872974537037
"V561",0.559678819444444
"V562",0.527687355324074
"V563",0.515552662037037
"V564",0.525752314814815
"V565",0.527777777777778
"V566",0.590530960648148
"V567",0.554705584490741
"V568",0.554705584490741
"V569",0.585485387731482
"V570",0.558503327546296
"V571",0.537037037037037
"V572",0.535753038194444
"V573",0.549768518518518
"V574",0.557146990740741
"V575",0.562789351851852
"V576",0.54296875
"V577",0.557146990740741
"V578",0.562210648148148
"V579",0.556568287037037
"V580",0.551938657407407
"V581",0.591869212962963
"V582",0.584635416666667
"V583",0.569444444444444
"V584",0.556568287037037
"V585",0.552951388888889
"V586",0.539641203703704
"V587",0.581669560185185
"V588",0.560619212962963
"V589",0.569299768518518
"V590",0.561921296296296
"V591",0.544578269675926
"V592",0.557074652777778
"V593",0.529242621527778
"V594",0.549189814814815
"V595",0.560149016203704
"V596",0.572627314814815
"V597",0.593225549768518
"V598",0.593605324074074
"V599",0.62109375
"V600",0.623553240740741
"V601",0.62037037037037
"V602",0.609953703703704
"V603",0.589572482638889
"V604",0.587528935185185
"V605",0.587384259259259
"V606",0.597873263888889
"V607",0.60132740162037
"V608",0.609718605324074
"V609",0.635416666666667
"V610",0.635416666666667
"V611",0.653862847222222
"V612",0.658420138888889
"V613",0.638599537037037
"V614",0.628761574074074
"V615",0.558304398148148
"V616",0.564995659722222
"V617",0.560836226851852
"V618",0.564905237268518
"V619",0.590313946759259
"V620",0.604890046296296
"V621",0.620189525462963
"V622",0.634548611111111
"V623",0.633174189814815
"V624",0.638816550925926
"V625",0.541666666666667
"V626",0.530815972222222
"V627",0.532045717592593
"V628",0.530815972222222
"V629",0.534215856481482
"V630",0.504701967592593
"V631",0.529296875
"V632",0.506130642361111
"V633",0.515046296296296
"V634",0.507269965277778
"V635",0.519929108796296
"V636",0.537434895833333
"V637",0.545247395833333
"V638",0.567563657407407
"V639",0.552734375
"V640",0.545970775462963
"V641",0.568576388888889
"V642",0.552155671296296
"V643",0.537905092592593
"V644",0.52662037037037
"V645",0.529405381944444
"V646",0.569896556712963
"V647",0.540653935185185
"V648",0.53515625
"V649",0.537760416666667
"V650",0.555483217592593
"V651",0.557291666666667
"V652",0.52734375
"V653",0.551396122685185
"V654",0.547092013888889
"V655",0.594618055555556
"V656",0.577582465277778
"V657",0.635706018518518
"V658",0.67162181712963
"V659",0.635525173611111
"V660",0.628815827546296
"V661",0.625578703703704
"V662",0.625578703703704
"V663",0.624710648148148
"V664",0.65697337962963
"V665",0.648292824074074
"V666",0.657262731481481
"V667",0.666377314814815
"V668",0.683883101851852
"V669",0.688368055555556
"V670",0.704571759259259
"V671",0.697193287037037
"V672",0.712962962962963
"V673",0.728732638888889
"V674",0.731481481481482
"V675",0.726996527777778
"V676",0.705729166666667
"V677",0.70630787037037
"V678",0.674768518518518
"V679",0.692853009259259
"V680",0.700810185185185
"V681",0.677662037037037
"V682",0.673611111111111
"V683",0.643518518518518
"V684",0.65697337962963
"V685",0.674913194444444
"V686",0.674913194444444
"V687",0.677951388888889
"V688",0.669270833333333
"V689",0.660590277777778
"V690",0.664930555555556
"V691",0.669994212962963
"V692",0.6953125
"V693",0.713252314814815
"V694",0.699797453703704
"V695",0.710503472222222
"V696",0.720341435185185
"V697",0.698640046296296
"V698",0.699363425925926
"V699",0.689380787037037
"V700",0.659722222222222
"V701",0.655815972222222
"V702",0.647424768518519
"V703",0.642939814814815
"V704",0.634982638888889
"V705",0.635416666666667
"V706",0.618055555555556
"V707",0.600405092592593
"V708",0.60865162037037
"V709",0.61939380787037
"V710",0.586769386574074
"V711",0.591435185185185
"V712",0.592592592592593
"V713",0.594889322916667
"V714",0.56080005787037
"V715",0.593171296296296
"V716",0.61986400462963
"V717",0.59912109375
"V718",0.603660300925926
"V719",0.577690972222222
"V720",0.55736400462963
"V721",0.553602430555556
"V722",0.587962962962963
"V723",0.565899884259259
"V724",0.522008825231482
"V725",0.519748263888889
"V726",0.539496527777778
"V727",0.557725694444444
"V728",0.533420138888889
"V729",0.535825376157407
"V730",0.535825376157407
"V731",0.607512297453704
"V732",0.576750578703704
"V733",0.60228587962963
"V734",0.627839265046296
"V735",0.588107638888889
"V736",0.603587962962963
"V737",0.603587962962963
"V738",0.603732638888889
"V739",0.603732638888889
"V740",0.610026041666667
"V741",0.617693865740741
"V742",0.623372395833333
"V743",0.630750868055556
"V744",0.652922453703704
"V745",0.665491174768518
"V746",0.665491174768518
"V747",0.663917824074074
"V748",0.649450231481482
"V749",0.611617476851852
"V750",0.628399884259259
"V751",0.637261284722222
"V752",0.634150752314815
"V753",0.606734664351852
"V754",0.589409722222222
"V755",0.656611689814815
"V756",0.65234375
"V757",0.649305555555556
"V758",0.654730902777778
"V759",0.676685474537037
"V760",0.662868923611111
"V761",0.528645833333333
"V762",0.517505787037037
"V763",0.603443287037037
"V764",0.598234953703704
"V765",0.60474537037037
"V766",0.647623697916667
"V767",0.642541956018518
"V768",0.628399884259259
"V769",0.647894965277778
"V770",0.652777777777778
"V771",0.644097222222222
"V772",0.668077256944444
"V773",0.687047887731482
"V774",0.650860821759259
"V775",0.593297887731482
"V776",0.617567274305556
"V777",0.609248408564815
"V778",0.57349537037037
"V779",0.565972222222222
"V780",0.577727141203704
"V781",0.57349537037037
"V782",0.565972222222222
"V783",0.619665075231482
"V784",0.586516203703704
"V785",0.564652054398148
"V786",0.569010416666667
"V787",0.557345920138889
"V788",0.561903211805556
"V789",0.590350115740741
"V790",0.603732638888889
"V791",0.633246527777778
"V792",0.647280092592593
"V793",0.63353587962963
"V794",0.617621527777778
"V795",0.63208912037037
"V796",0.623951099537037
"V797",0.6240234375
"V798",0.62109375
"V799",0.633427372685185
"V800",0.630497685185185
"V801",0.634982638888889
"V802",0.642939814814815
"V803",0.628616898148148
"V804",0.636863425925926
"V805",0.632378472222222
"V806",0.616753472222222
"V807",0.641493055555555
"V808",0.62109375
"V809",0.646122685185185
"V810",0.630353009259259
"V811",0.609809027777778
"V812",0.609519675925926
"V813",0.630642361111111
"V814",0.618543836805556
"V815",0.65306712962963
"V816",0.637731481481482
"V817",0.6328125
"V818",0.657407407407407
"V819",0.686107494212963
"V820",0.67259837962963
"V821",0.654079861111111
"V822",0.651041666666667
"V823",0.657118055555556
"V824",0.6484375
"V825",0.624855324074074
"V826",0.654513888888889
"V827",0.624565972222222
"V828",0.626880787037037
"V829",0.657552083333333
"V830",0.665943287037037
"V831",0.665943287037037
"V832",0.687210648148148
"V833",0.689525462962963
"V834",0.686921296296296
"V835",0.694444444444444
"V836",0.689236111111111
"V837",0.681712962962963
"V838",0.705729166666667
"V839",0.683015046296296
"V840",0.708188657407407
"V841",0.708478009259259
"V842",0.695023148148148
"V843",0.710648148148148
"V844",0.70775462962963
"V845",0.703414351851852
"V846",0.705729166666667
"V847",0.7109375
"V848",0.710503472222222
"V849",0.720920138888889
"V850",0.735966435185185
"V851",0.720486111111111
"V852",0.730758101851852
"V853",0.743778935185185
"V854",0.736545138888889
"V855",0.746672453703704
"V856",0.734230324074074
"V857",0.71166087962963
"V858",0.711950231481482
"V859",0.703703703703704
"V860",0.685329861111111
"V861",0.695457175925926
"V862",0.705295138888889
"V863",0.682291666666667
"V864",0.701967592592593
"V865",0.686053240740741
"V866",0.662326388888889
"V867",0.672164351851852
"V868",0.647858796296296
"V869",0.670428240740741
"V870",0.640625
"V871",0.674768518518518
"V872",0.611545138888889
"V873",0.654658564814815
"V874",0.667390046296296
"V875",0.667390046296296
"V876",0.637586805555555
"V877",0.613136574074074
"V878",0.62181712962963
"V879",0.618923611111111
"V880",0.621238425925926
"V881",0.623842592592593
"V882",0.613425925925926
"V883",0.622540509259259
"V884",0.632667824074074
"V885",0.640335648148148
"V886",0.623914930555555
"V887",0.585358796296296
"V888",0.623914930555555
"V889",0.656467013888889
"V890",0.622540509259259
"V891",0.617874710648148
"V892",0.625831886574074
"V893",0.648365162037037
"V894",0.639702690972222
"V895",0.622540509259259
"V896",0.647135416666667
"V897",0.581597222222222
"V898",0.559895833333333
"V899",0.562934027777778
"V900",0.549913194444444
"V901",0.54857494212963
"V902",0.533854166666667
"V903",0.526331018518518
"V904",0.526331018518518
"V905",0.531213831018518
"V906",0.513310185185185
"V907",0.52025462962963
"V908",0.526765046296296
"V909",0.543402777777778
"V910",0.534577546296296
"V911",0.565393518518519
"V912",0.536458333333333
"V913",0.549262152777778
"V914",0.536838107638889
"V915",0.548900462962963
"V916",0.567310474537037
"V917",0.592845775462963
"V918",0.569299768518518
"V919",0.568160445601852
"V920",0.53685619212963
"V921",0.536603009259259
"V922",0.542100694444444
"V923",0.56080005787037
"V924",0.546585648148148
"V925",0.52220775462963
"V926",0.5361328125
"V927",0.546911168981482
"V928",0.534866898148148
"V929",0.545428240740741
"V930",0.543113425925926
"V931",0.535517939814815
"V932",0.548285590277778
"V933",0.55638744212963
"V934",0.533275462962963
"V935",0.533564814814815
"V936",0.543981481481482
"V937",0.558159722222222
"V938",0.54662181712963
"V939",0.548321759259259
"V940",0.548321759259259
"V941",0.557725694444444
"V942",0.565827546296296
"V943",0.575231481481482
"V944",0.565972222222222
"V945",0.548611111111111
"V946",0.537471064814815
"V947",0.550925925925926
"V948",0.550925925925926
"V949",0.538628472222222
"V950",0.537471064814815
"V951",0.545572916666667
"V952",0.575231481481482
"V953",0.540509259259259
"V954",0.577763310185185
"V955",0.548285590277778
"V956",0.539930555555556
"V957",0.534577546296296
"V958",0.544542100694444
"V959",0.567889178240741
"V960",0.576533564814815
"V961",0.589048032407407
"V962",0.547887731481482
"V963",0.540111400462963
"V964",0.536711516203704
"V965",0.561017071759259
"V966",0.546802662037037
"V967",0.558268229166667
"V968",0.552445023148148
"V969",0.561885127314815
"V970",0.553530092592593
"V971",0.555844907407407
"V972",0.555555555555556
"V973",0.549768518518518
"V974",0.564597800925926
"V975",0.5556640625
"V976",0.526945891203704
"V977",0.60279224537037
"V978",0.516782407407407
"V979",0.519422743055556
"V980",0.529875578703704
"V981",0.541919849537037
"V982",0.540708188657407
"V983",0.552463107638889
"V984",0.596064814814815
"V985",0.521213107638889
"V986",0.588758680555556
"V987",0.535771122685185
"V988",0.539514612268518
"V989",0.554072627314815
"V990",0.53125
"V991",0.554072627314815
"V992",0.550383391203704
"V993",0.561613859953704
"V994",0.574110243055556
"V995",0.583839699074074
"V996",0.554578993055556
"V997",0.552951388888889
"V998",0.560004340277778
"V999",0.675564236111111
"V1000",0.717447916666667
"V1001",0.712275752314815
"V1002",0.713252314814815
"V1003",0.697771990740741
"V1004",0.686053240740741
"V1005",0.700882523148148
"V1006",0.6630859375
"V1007",0.6552734375
"V1008",0.648075810185185
"V1009",0.650607638888889
"V1010",0.582609953703704
"V1011",0.54759837962963
"V1012",0.586009837962963
"V1013",0.632197627314815
"V1014",0.62622974537037
"V1015",0.646267361111111
"V1016",0.661892361111111
"V1017",0.661024305555556
"V1018",0.638491030092593
"V1019",0.641131365740741
"V1020",0.625994646990741
"V1021",0.619574652777778
"V1022",0.638491030092593
"V1023",0.670283564814815
"V1024",0.632776331018518
"V1025",0.654658564814815
"V1026",0.668402777777778
"V1027",0.699905960648148
"V1028",0.674840856481482
"V1029",0.661928530092593
"V1030",0.623480902777778
"V1031",0.624891493055556
"V1032",0.646303530092593
"V1033",0.656720196759259
"V1034",0.641474971064815
"V1035",0.662887008101852
"V1036",0.658004195601852
"V1037",0.64183666087963
"V1038",0.617151331018518
"V1039",0.597348813657407
"V1040",0.608597366898148
"V1041",0.640643084490741
"V1042",0.64527271412037
"V1043",0.638870804398148
"V1044",0.640335648148148
"V1045",0.611346209490741
"V1046",0.610894097222222
"V1047",0.610894097222222
"V1048",0.624457465277778
"V1049",0.63720703125
"V1050",0.651186342592593
"V1051",0.679723668981482
"V1052",0.646412037037037
"V1053",0.618778935185185
"V1054",0.658383969907407
"V1055",0.614529079861111
"V1056",0.66626880787037
"V1057",0.638834635416667
"V1058",0.674768518518518
"V1059",0.643229166666667
"V1060",0.662615740740741
"V1061",0.662326388888889
"V1062",0.67259837962963
"V1063",0.674479166666667
"V1064",0.637586805555555
"V1065",0.644205729166667
"V1066",0.652904369212963
"V1067",0.62377025462963
"V1068",0.622450086805556
"V1069",0.648781105324074
"V1070",0.615668402777778
"V1071",0.603551793981482
"V1072",0.625180844907407
"V1073",0.586877893518518
"V1074",0.587203414351852
"V1075",0.604600694444444
"V1076",0.600405092592593
"V1077",0.601906105324074
"V1078",0.592502170138889
"V1079",0.596354166666667
"V1080",0.562445746527778
"V1081",0.553204571759259
"V1082",0.583188657407407
"V1083",0.593804253472222
"V1084",0.599030671296296
"V1085",0.6162109375
"V1086",0.623155381944444
"V1087",0.608940972222222
"V1088",0.626302083333333
"V1089",0.629701967592593
"V1090",0.652560763888889
"V1091",0.660734953703704
"V1092",0.683521412037037
"V1093",0.644223813657407
"V1094",0.622377748842593
"V1095",0.604040075231482
"V1096",0.574851707175926
"V1097",0.5498046875
"V1098",0.555555555555556
"V1099",0.541377314814815
"V1100",0.541377314814815
"V1101",0.558159722222222
"V1102",0.579716435185185
"V1103",0.580765335648148
"V1104",0.631365740740741
"V1105",0.609194155092593
"V1106",0.619936342592593
"V1107",0.625904224537037
"V1108",0.616500289351852
"V1109",0.625434027777778
"V1110",0.615993923611111
"V1111",0.62962962962963
"V1112",0.624782986111111
"V1113",0.633391203703704
"V1114",0.604890046296296
"V1115",0.619068287037037
"V1116",0.605432581018518
"V1117",0.594925491898148
"V1118",0.590856481481482
"V1119",0.555555555555556
"V1120",0.547887731481482
"V1121",0.559950086805555
"V1122",0.56763599537037
"V1123",0.559950086805555
"V1124",0.569697627314815
"V1125",0.569697627314815
"V1126",0.585286458333333
"V1127",0.595377604166667
"V1128",0.569950810185185
"V1129",0.593098958333333
"V1130",0.585051359953704
"V1131",0.577962239583333
"V1132",0.577962239583333
"V1133",0.581868489583333
"V1134",0.573676215277778
"V1135",0.577980324074074
"V1136",0.579752604166667
"V1137",0.580439814814815
"V1138",0.580005787037037
"V1139",0.575086805555556
"V1140",0.565972222222222
"V1141",0.577112268518518
"V1142",0.592592592592593
"V1143",0.5859375
"V1144",0.597222222222222
"V1145",0.588975694444444
"V1146",0.584490740740741
"V1147",0.591290509259259
"V1148",0.586950231481482
"V1149",0.601273148148148
"V1150",0.594328703703704
"V1151",0.599663628472222
"V1152",0.59740306712963
"V1153",0.59300853587963
"V1154",0.596589265046296
"V1155",0.589265046296296
"V1156",0.560763888888889
"V1157",0.570095486111111
"V1158",0.59300853587963
"V1159",0.59300853587963
"V1160",0.60814525462963
"V1161",0.614945023148148
"V1162",0.572193287037037
"V1163",0.61693431712963
"V1164",0.59497974537037
"V1165",0.571216724537037
"V1166",0.575520833333333
"V1167",0.57886646412037
"V1168",0.60546875
"V1169",0.592013888888889
"V1170",0.571469907407407
"V1171",0.58984375
"V1172",0.591869212962963
"V1173",0.585358796296296
"V1174",0.582899305555555
"V1175",0.587239583333333
"V1176",0.583116319444444
"V1177",0.569733796296296
"V1178",0.564019097222222
"V1179",0.57298900462963
"V1180",0.552372685185185
"V1181",0.560763888888889
"V1182",0.571325231481482
"V1183",0.563368055555556
"V1184",0.573061342592593
"V1185",0.559118200231482
"V1186",0.563512731481482
"V1187",0.571759259259259
"V1188",0.560619212962963
"V1189",0.579282407407407
"V1190",0.576388888888889
"V1191",0.594328703703704
"V1192",0.617766203703704
"V1193",0.58814380787037
"V1194",0.585286458333333
"V1195",0.531792534722222
"V1196",0.573748553240741
"V1197",0.581163194444444
"V1198",0.572880497685185
"V1199",0.572880497685185
"V1200",0.569733796296296
"V1201",0.570384837962963
"V1202",0.560528790509259
"V1203",0.546549479166667
"V1204",0.560528790509259
"V1205",0.585141782407407
"V1206",0.571831597222222
"V1207",0.599211516203704
"V1208",0.571831597222222
"V1209",0.556712962962963
"V1210",0.573893229166667
"V1211",0.594111689814815
"V1212",0.577709056712963
"V1213",0.575014467592593
"V1214",0.575014467592593
"V1215",0.56861255787037
"V1216",0.582356770833333
"V1217",0.552119502314815
"V1218",0.521683304398148
"V1219",0.530418113425926
"V1220",0.521683304398148
"V1221",0.507902922453704
"V1222",0.531394675925926
"V1223",0.518952546296296
"V1224",0.529116030092593
"V1225",0.522424768518518
"V1226",0.524594907407407
"V1227",0.533980758101852
"V1228",0.541377314814815
"V1229",0.5322265625
"V1230",0.538194444444444
"V1231",0.525716145833333
"V1232",0.536060474537037
"V1233",0.537868923611111
"V1234",0.559841579861111
"V1235",0.552354600694444
"V1236",0.544542100694444
"V1237",0.558159722222222
"V1238",0.556315104166667
"V1239",0.547309027777778
"V1240",0.521846064814815
"V1241",0.503472222222222
"V1242",0.520923755787037
"V1243",0.521502459490741
"V1244",0.581597222222222
"V1245",0.568919994212963
"V1246",0.547164351851852
"V1247",0.541702835648148
"V1248",0.525390625
"V1249",0.53978587962963
"V1250",0.532913773148148
"V1251",0.557183159722222
"V1252",0.570258246527778
"V1253",0.548068576388889
"V1254",0.519965277777778
"V1255",0.544108072916667
"V1256",0.544108072916667
"V1257",0.532642505787037
"V1258",0.518536603009259
"V1259",0.53247974537037
"V1260",0.524450231481482
"V1261",0.523726851851852
"V1262",0.534541377314815
"V1263",0.513997395833333
"V1264",0.533709490740741
"V1265",0.503327546296296
"V1266",0.526819299768518
"V1267",0.52220775462963
"V1268",0.523582175925926
"V1269",0.588469328703704
"V1270",0.579282407407407
"V1271",0.606264467592593
"V1272",0.580023871527778
"V1273",0.607566550925926
"V1274",0.628255208333333
"V1275",0.614728009259259
"V1276",0.631293402777778
"V1277",0.604709201388889
"V1278",0.601092303240741
"V1279",0.57837818287037
"V1280",0.546838831018518
"V1281",0.552083333333333
"V1282",0.540653935185185
"V1283",0.572916666666667
"V1284",0.556640625
"V1285",0.556929976851852
"V1286",0.535047743055556
"V1287",0.53931568287037
"V1288",0.535083912037037
"V1289",0.611111111111111
"V1290",0.625
"V1291",0.598813657407407
"V1292",0.577690972222222
"V1293",0.587673611111111
"V1294",0.605902777777778
"V1295",0.635271990740741
"V1296",0.608796296296296
"V1297",0.598668981481482
"V1298",0.565538194444444
"V1299",0.577166521990741
"V1300",0.599103009259259
"V1301",0.616753472222222
"V1302",0.625
"V1303",0.64771412037037
"V1304",0.633969907407407
"V1305",0.609085648148148
"V1306",0.631510416666667
"V1307",0.662037037037037
"V1308",0.614293981481482
"V1309",0.604600694444444
"V1310",0.605324074074074
"V1311",0.613859953703704
"V1312",0.613859953703704
"V1313",0.61328125
"V1314",0.604600694444444
"V1315",0.609085648148148
"V1316",0.614149305555555
"V1317",0.608796296296296
"V1318",0.598813657407407
"V1319",0.594328703703704
"V1320",0.563368055555556
"V1321",0.544560185185185
"V1322",0.570891203703704
"V1323",0.596354166666667
"V1324",0.588831018518518
"V1325",0.583043981481482
"V1326",0.567708333333333
"V1327",0.593605324074074
"V1328",0.576931423611111
"V1329",0.565700954861111
"V1330",0.577220775462963
"V1331",0.580873842592593
"V1332",0.583062065972222
"V1333",0.543240017361111
"V1334",0.546368634259259
"V1335",0.561053240740741
"V1336",0.57837818287037
"V1337",0.541485821759259
"V1338",0.557002314814815
"V1339",0.584635416666667
"V1340",0.568576388888889
"V1341",0.561595775462963
"V1342",0.581741898148148
"V1343",0.584635416666667
"V1344",0.531647858796296
"V1345",0.535264756944444
"V1346",0.5390625
"V1347",0.528790509259259
"V1348",0.512586805555556
"V1349",0.516022858796296
"V1350",0.521195023148148
"V1351",0.50462962962963
"V1352",0.538158275462963
"V1353",0.531955295138889
"V1354",0.520417390046296
"V1355",0.527705439814815
"V1356",0.537145543981482
"V1357",0.538519965277778
"V1358",0.527922453703704
"V1359",0.527922453703704
"V1360",0.531358506944444
"V1361",0.537959346064815
"V1362",0.539116753472222
"V1363",0.539116753472222
"V1364",0.525173611111111
"V1365",0.525173611111111
"V1366",0.549479166666667
"V1367",0.537326388888889
"V1368",0.537326388888889
"V1369",0.513346354166667
"V1370",0.511284722222222
"V1371",0.537037037037037
"V1372",0.5791015625
"V1373",0.576171875
"V1374",0.547996238425926
"V1375",0.542679398148148
"V1376",0.52757884837963
"V1377",0.515281394675926
"V1378",0.53125
"V1379",0.517415364583333
"V1380",0.510127314814815
"V1381",0.506655092592593
"V1382",0.51171875
"V1383",0.505931712962963
"V1384",0.520164207175926
"V1385",0.532552083333333
"V1386",0.543981481481482
"V1387",0.528645833333333
"V1388",0.539930555555555
"V1389",0.545138888888889
"V1390",0.538773148148148
"V1391",0.528356481481482
"V1392",0.518916377314815
"V1393",0.526728877314815
"V1394",0.526403356481482
"V1395",0.559642650462963
"V1396",0.561487268518518
"V1397",0.554976851851852
"V1398",0.554976851851852
"V1399",0.548611111111111
"V1400",0.529007523148148
"V1401",0.528754340277778
"V1402",0.532407407407407
"V1403",0.551902488425926
"V1404",0.538266782407407
"V1405",0.592447916666667
"V1406",0.579282407407407
"V1407",0.583043981481482
"V1408",0.596064814814815
"V1409",0.613425925925926
"V1410",0.556712962962963
"V1411",0.608506944444444
"V1412",0.569444444444444
"V1413",0.599826388888889
"V1414",0.529730902777778
"V1415",0.625868055555556
"V1416",0.620804398148148
"V1417",0.598234953703704
"V1418",0.602575231481482
"V1419",0.594310619212963
"V1420",0.605902777777778
"V1421",0.605324074074074
"V1422",0.614655671296296
"V1423",0.612123842592593
"V1424",0.599066840277778
"V1425",0.629267939814815
"V1426",0.625361689814815
"V1427",0.575086805555556
"V1428",0.577112268518518
"V1429",0.541702835648148
"V1430",0.567997685185185
"V1431",0.5703125
"V1432",0.550347222222222
"V1433",0.546006944444444
"V1434",0.5625
"V1435",0.564055266203704
"V1436",0.558087384259259
"V1437",0.550166377314815
"V1438",0.548412181712963
"V1439",0.551124855324074
"V1440",0.528645833333333
"V1441",0.527633101851852
"V1442",0.527633101851852
"V1443",0.505551938657407
"V1444",0.544722945601852
"V1445",0.536422164351852
"V1446",0.535264756944444
"V1447",0.547309027777778
"V1448",0.555772569444444
"V1449",0.570782696759259
"V1450",0.565067997685185
"V1451",0.571759259259259
"V1452",0.547706886574074
"V1453",0.553674768518518
"V1454",0.546006944444444
"V1455",0.565755208333333
"V1456",0.585630063657407
"V1457",0.560727719907407
"V1458",0.560709635416667
"V1459",0.51537181712963
"V1460",0.56712962962963
"V1461",0.594907407407407
"V1462",0.549334490740741
"V1463",0.562210648148148
"V1464",0.551793981481482
"V1465",0.576099537037037
"V1466",0.576099537037037
"V1467",0.584780092592593
"V1468",0.545862268518518
"V1469",0.554253472222222
"V1470",0.546006944444444
"V1471",0.549045138888889
"V1472",0.56958912037037
"V1473",0.581018518518518
"V1474",0.589554398148148
"V1475",0.584924768518518
"V1476",0.597077546296296
"V1477",0.593171296296296
"V1478",0.599392361111111
"V1479",0.599392361111111
"V1480",0.604890046296296
"V1481",0.612991898148148
"V1482",0.613859953703704
"V1483",0.612413194444444
"V1484",0.571614583333333
"V1485",0.571614583333333
"V1486",0.595920138888889
"V1487",0.603153935185185
"V1488",0.579137731481482
"V1489",0.570167824074074
"V1490",0.564471209490741
"V1491",0.553530092592593
"V1492",0.538917824074074
"V1493",0.550708912037037
"V1494",0.527018229166667
"V1495",0.548972800925926
"V1496",0.533383969907407
"V1497",0.555627893518518
"V1498",0.555627893518518
"V1499",0.555627893518518
"V1500",0.545500578703704
"V1501",0.548972800925926
"V1502",0.534866898148148
"V1503",0.531521267361111
"V1504",0.539460358796296
"V1505",0.525101273148148
"V1506",0.52416087962963
"V1507",0.519929108796296
"V1508",0.501736111111111
"V1509",0.505208333333333
"V1510",0.513888888888889
"V1511",0.527054398148148
"V1512",0.54712818287037
"V1513",0.532081886574074
"V1514",0.58275462962963
"V1515",0.59009693287037
"V1516",0.59009693287037
"V1517",0.574544270833333
"V1518",0.551215277777778
"V1519",0.543836805555556
"V1520",0.574598524305556
"V1521",0.552119502314815
"V1522",0.556170428240741
"V1523",0.565339265046296
"V1524",0.589192708333333
"V1525",0.584635416666667
"V1526",0.561414930555556
"V1527",0.558232060185185
"V1528",0.552083333333333
"V1529",0.520833333333333
"V1530",0.543981481481482
"V1531",0.526475694444444
"V1532",0.515715422453704
"V1533",0.521701388888889
"V1534",0.548611111111111
"V1535",0.543258101851852
"V1536",0.552228009259259
"V1537",0.536223234953704
"V1538",0.523148148148148
"V1539",0.526475694444444
"V1540",0.513364438657407
"V1541",0.524594907407407
"V1542",0.56908275462963
"V1543",0.556278935185185
"V1544",0.546947337962963
"V1545",0.549479166666667
"V1546",0.561993634259259
"V1547",0.565755208333333
"V1548",0.558575665509259
"V1549",0.544921875
"V1550",0.56177662037037
"V1551",0.578703703703704
"V1552",0.606589988425926
"V1553",0.600133825231482
"V1554",0.596082899305556
"V1555",0.621455439814815
"V1556",0.602828414351852
"V1557",0.605504918981482
"V1558",0.625614872685185
"V1559",0.631980613425926
"V1560",0.655707465277778
"V1561",0.630208333333333
"V1562",0.642216435185185
"V1563",0.651909722222222
"V1564",0.690972222222222
"V1565",0.657552083333333
"V1566",0.65943287037037
"V1567",0.667534722222222
"V1568",0.678385416666667
"V1569",0.646556712962963
"V1570",0.676215277777778
"V1571",0.639178240740741
"V1572",0.635850694444444
"V1573",0.655815972222222
"V1574",0.649739583333333
"V1575",0.602430555555556
"V1576",0.614583333333333
"V1577",0.631365740740741
"V1578",0.610966435185185
"V1579",0.618055555555556
"V1580",0.630931712962963
"V1581",0.638346354166667
"V1582",0.65552662037037
"V1583",0.65552662037037
"V1584",0.623119212962963
"V1585",0.63990162037037
"V1586",0.604890046296296
"V1587",0.623987268518518
"V1588",0.610387731481482
"V1589",0.6171875
"V1590",0.6171875
"V1591",0.6171875
"V1592",0.6171875
"V1593",0.558449074074074
"V1594",0.570836950231482
"V1595",0.550202546296296
"V1596",0.575557002314815
"V1597",0.576822916666667
"V1598",0.560040509259259
"V1599",0.581886574074074
"V1600",0.573278356481482
"V1601",0.595269097222222
"V1602",0.574508101851852
"V1603",0.544704861111111
"V1604",0.57250072337963
"V1605",0.518844039351852
"V1606",0.581090856481482
"V1607",0.556532118055556
"V1608",0.581090856481482
"V1609",0.548828125
"V1610",0.590964988425926
"V1611",0.593967013888889
"V1612",0.567346643518518
"V1613",0.556749131944444
"V1614",0.551396122685185
"V1615",0.570927372685185
"V1616",0.548032407407407
"V1617",0.507523148148148
"V1618",0.530815972222222
"V1619",0.529369212962963
"V1620",0.52271412037037
"V1621",0.528682002314815
"V1622",0.522135416666667
"V1623",0.516059027777778
"V1624",0.509114583333333
"V1625",0.523148148148148
"V1626",0.555356626157407
"V1627",0.535988136574074
"V1628",0.523781105324074
"V1629",0.509548611111111
"V1630",0.567057291666667
"V1631",0.555700231481482
"V1632",0.581018518518518
"V1633",0.594401041666667
"V1634",0.59765625
"V1635",0.595486111111111
"V1636",0.609664351851852
"V1637",0.6171875
"V1638",0.61400462962963
"V1639",0.616898148148148
"V1640",0.639322916666667
"V1641",0.664605034722222
"V1642",0.668511284722222
"V1643",0.693142361111111
"V1644",0.693142361111111
"V1645",0.669415509259259
"V1646",0.676233362268518
"V1647",0.699580439814815
"V1648",0.665834780092593
"V1649",0.658474392361111
"V1650",0.670138888888889
"V1651",0.680284288194445
"V1652",0.689055266203704
"V1653",0.686017071759259
"V1654",0.66455078125
"V1655",0.698676215277778
"V1656",0.70677806712963
"V1657",0.73583984375
"V1658",0.705421730324074
"V1659",0.689633969907407
"V1660",0.690791377314815
"V1661",0.69847728587963
"V1662",0.680881076388889
"V1663",0.697663483796296
"V1664",0.699652777777778
"V1665",0.704644097222222
"V1666",0.700213396990741
"V1667",0.684009693287037
"V1668",0.716435185185185
"V1669",0.715295862268518
"V1670",0.712420428240741
"V1671",0.711082175925926
"V1672",0.708224826388889
"V1673",0.733416521990741
"V1674",0.713595920138889
"V1675",0.708984375
"V1676",0.69703052662037
"V1677",0.69310619212963
"V1678",0.70873119212963
"V1679",0.72144458912037
"V1680",0.720902054398148
"V1681",0.678692853009259
"V1682",0.689959490740741
"V1683",0.657443576388889
"V1684",0.693938078703704
"V1685",0.685149016203704
"V1686",0.678403501157407
"V1687",0.668655960648148
"V1688",0.695782696759259
"V1689",0.665852864583333
"V1690",0.626808449074074
"V1691",0.653772424768518
"V1692",0.644513165509259
"V1693",0.636990017361111
"V1694",0.652036313657407
"V1695",0.629195601851852
"V1696",0.574688946759259
"V1697",0.593894675925926
"V1698",0.564453125
"V1699",0.582465277777778
"V1700",0.594545717592593
"V1701",0.603334780092593
"V1702",0.580150462962963
"V1703",0.596064814814815
"V1704",0.579951533564815
"V1705",0.566840277777778
"V1706",0.569733796296296
"V1707",0.57349537037037
"V1708",0.550672743055556
"V1709",0.561143663194444
"V1710",0.556658709490741
"V1711",0.537977430555556
"V1712",0.533998842592593
"V1713",0.539731626157407
"V1714",0.539388020833333
"V1715",0.520037615740741
"V1716",0.512152777777778
"V1717",0.512152777777778
"V1718",0.513888888888889
"V1719",0.531919126157407
"V1720",0.532696759259259
"V1721",0.528175636574074
"V1722",0.54224537037037
"V1723",0.532552083333333
"V1724",0.585358796296296
"V1725",0.573929398148148
"V1726",0.576497395833333
"V1727",0.58521412037037
"V1728",0.575086805555556
"V1729",0.569118923611111
"V1730",0.599175347222222
"V1731",0.640661168981482
"V1732",0.610966435185185
"V1733",0.615849247685185
"V1734",0.614728009259259
"V1735",0.619249131944444
"V1736",0.609809027777778
"V1737",0.601001880787037
"V1738",0.601001880787037
"V1739",0.601001880787037
"V1740",0.593135127314815
"V1741",0.61206958912037
"V1742",0.570023148148148
"V1743",0.598198784722222
"V1744",0.587854456018518
"V1745",0.621853298611111
"V1746",0.60009765625
"V1747",0.582881221064815
"V1748",0.568413628472222
"V1749",0.627712673611111
"V1750",0.582175925925926
"V1751",0.573784722222222
"V1752",0.557761863425926
"V1753",0.578993055555556
"V1754",0.575665509259259
"V1755",0.596209490740741
"V1756",0.558159722222222
"V1757",0.538049768518518
"V1758",0.541811342592593
"V1759",0.549045138888889
"V1760",0.549045138888889
"V1761",0.537760416666667
"V1762",0.516203703703704
"V1763",0.531105324074074
"V1764",0.509548611111111
"V1765",0.53978587962963
"V1766",0.552951388888889
"V1767",0.544849537037037
"V1768",0.538917824074074
"V1769",0.552390769675926
"V1770",0.561433015046296
"V1771",0.529242621527778
"V1772",0.555121527777778
"V1773",0.540943287037037
"V1774",0.561921296296296
"V1775",0.56958912037037
"V1776",0.53587962962963
"V1777",0.518825954861111
"V1778",0.536313657407407
"V1779",0.509259259259259
"V1780",0.502459490740741
"V1781",0.533854166666667
"V1782",0.511935763888889
"V1783",0.502748842592593
"V1784",0.509259259259259
"V1785",0.533564814814815
"V1786",0.559787326388889
"V1787",0.55150462962963
"V1788",0.564091435185185
"V1789",0.613136574074074
"V1790",0.606770833333333
"V1791",0.54029224537037
"V1792",0.552372685185185
"V1793",0.534143518518518
"V1794",0.511284722222222
"V1795",0.547092013888889
"V1796",0.533564814814815
"V1797",0.52611400462963
"V1798",0.51146556712963
"V1799",0.514359085648148
"V1800",0.534143518518518
"V1801",0.53783275462963
"V1802",0.562680844907407
"V1803",0.567563657407407
"V1804",0.55396412037037
"V1805",0.564236111111111
"V1806",0.576605902777778
"V1807",0.576605902777778
"V1808",0.564887152777778
"V1809",0.555718315972222
"V1810",0.574200665509259
"V1811",0.586371527777778
"V1812",0.596498842592593
"V1813",0.601273148148148
"V1814",0.593171296296296
"V1815",0.602249710648148
"V1816",0.594147858796296
"V1817",0.620623553240741
"V1818",0.612720630787037
"V1819",0.599609375
"V1820",0.587330005787037
"V1821",0.587330005787037
"V1822",0.594563802083333
"V1823",0.5830078125
"V1824",0.57421875
"V1825",0.534577546296296
"V1826",0.562084056712963
"V1827",0.601996527777778
"V1828",0.599971064814815
"V1829",0.59056712962963
"V1830",0.571180555555556
"V1831",0.571469907407407
"V1832",0.563368055555556
"V1833",0.581235532407407
"V1834",0.595992476851852
"V1835",0.5830078125
"V1836",0.5830078125
"V1837",0.603117766203704
"V1838",0.619466145833333
"V1839",0.605450665509259
"V1840",0.608054832175926
"V1841",0.560908564814815
"V1842",0.580222800925926
"V1843",0.557508680555556
"V1844",0.570023148148148
"V1845",0.601056134259259
"V1846",0.571686921296296
"V1847",0.562934027777778
"V1848",0.587094907407407
"V1849",0.548900462962963
"V1850",0.590060763888889
"V1851",0.587999131944444
"V1852",0.590603298611111
"V1853",0.581090856481482
"V1854",0.59595630787037
"V1855",0.578342013888889
"V1856",0.582103587962963
"V1857",0.588035300925926
"V1858",0.569733796296296
"V1859",0.572627314814815
"V1860",0.5751953125
"V1861",0.586516203703704
"V1862",0.589265046296296
"V1863",0.596209490740741
"V1864",0.602466724537037
"V1865",0.589265046296296
"V1866",0.618959780092593
"V1867",0.594762731481482
"V1868",0.565610532407407
"V1869",0.602864583333333
"V1870",0.586588541666667
"V1871",0.591001157407407
"V1872",0.597873263888889
"V1873",0.578414351851852
"V1874",0.591977719907407
"V1875",0.553493923611111
"V1876",0.548213252314815
"V1877",0.558015046296296
"V1878",0.604166666666667
"V1879",0.631148726851852
"V1880",0.615089699074074
"V1881",0.577039930555555
"V1882",0.648256655092593
"V1883",0.617838541666667
"V1884",0.604817708333333
"V1885",0.592556423611111
"V1886",0.59642650462963
"V1887",0.559642650462963
"V1888",0.567201967592593
"V1889",0.62962962962963
"V1890",0.611111111111111
"V1891",0.62037037037037
"V1892",0.638888888888889
"V1893",0.568431712962963
"V1894",0.627170138888889
"V1895",0.621527777777778
"V1896",0.66087962962963
"V1897",0.643229166666667
"V1898",0.649992766203704
"V1899",0.62962962962963
"V1900",0.661494502314815
"V1901",0.667896412037037
"V1902",0.648075810185185
"V1903",0.673394097222222
"V1904",0.656358506944445
"V1905",0.640679253472222
"V1906",0.645724826388889
"V1907",0.675871672453704
"V1908",0.675871672453704
"V1909",0.662181712962963
"V1910",0.67115162037037
"V1911",0.686921296296296
"V1912",0.643771701388889
"V1913",0.62109375
"V1914",0.639033564814815
"V1915",0.618598090277778
"V1916",0.566478587962963
"V1917",0.582826967592593
"V1918",0.589699074074074
"V1919",0.59302662037037
"V1920",0.593315972222222
"V1921",0.568865740740741
"V1922",0.588107638888889
"V1923",0.564236111111111
"V1924",0.552083333333333
"V1925",0.557400173611111
"V1926",0.545138888888889
"V1927",0.54663990162037
"V1928",0.568287037037037
"V1929",0.554976851851852
"V1930",0.528772424768518
"V1931",0.51294849537037
"V1932",0.544704861111111
"V1933",0.52806712962963
"V1934",0.519097222222222
"V1935",0.513310185185185
"V1936",0.540201822916667
"V1937",0.519097222222222
"V1938",0.508680555555556
"V1939",0.504701967592593
"V1940",0.5234375
"V1941",0.509837962962963
"V1942",0.520435474537037
"V1943",0.519386574074074
"V1944",0.520833333333333
"V1945",0.500940393518518
"V1946",0.513943142361111
"V1947",0.514612268518518
"V1948",0.52759693287037
"V1949",0.619791666666667
"V1950",0.653645833333333
"V1951",0.638020833333333
"V1952",0.6640625
"V1953",0.671440972222222
"V1954",0.645978009259259
"V1955",0.625578703703704
"V1956",0.622395833333333
"V1957",0.563747829861111
"V1958",0.614583333333333
"V1959",0.635561342592593
"V1960",0.648726851851852
"V1961",0.648726851851852
"V1962",0.6328125
"V1963",0.635271990740741
"V1964",0.613570601851852
"V1965",0.6328125
"V1966",0.615017361111111
"V1967",0.6484375
"V1968",0.635561342592593
"V1969",0.622251157407407
"V1970",0.630642361111111
"V1971",0.635271990740741
"V1972",0.670138888888889
"V1973",0.680555555555555
"V1974",0.689814814814815
"V1975",0.618923611111111
"V1976",0.576099537037037
"V1977",0.570167824074074
"V1978",0.582320601851852
"V1979",0.573784722222222
"V1980",0.579716435185185
"V1981",0.582175925925926
"V1982",0.5703125
"V1983",0.553530092592593
"V1984",0.58912037037037
"V1985",0.543113425925926
"V1986",0.575086805555556
"V1987",0.552951388888889
"V1988",0.541666666666667
"V1989",0.559407552083333
"V1990",0.57568359375
"V1991",0.56787109375
"V1992",0.592755353009259
"V1993",0.598054108796296
"V1994",0.609031394675926
"V1995",0.637586805555556
"V1996",0.609917534722222
"V1997",0.617621527777778
"V1998",0.618923611111111
"V1999",0.614583333333333
"V2000",0.594256365740741
"V2001",0.574652777777778
"V2002",0.573206018518518
"V2003",0.571759259259259
"V2004",0.546730324074074
"V2005",0.60474537037037
"V2006",0.519495081018518
"V2007",0.57103587962963
"V2008",0.593171296296296
"V2009",0.620225694444444
"V2010",0.642361111111111
"V2011",0.633680555555556
"V2012",0.634548611111111
"V2013",0.643518518518518
"V2014",0.6201171875
"V2015",0.649305555555556
"V2016",0.64794921875
"V2017",0.65673828125
"V2018",0.68115234375
"V2019",0.654513888888889
"V2020",0.681134259259259
"V2021",0.672164351851852
"V2022",0.677083333333333
"V2023",0.675238715277778
"V2024",0.69212962962963
"V2025",0.69068287037037
"V2026",0.657877604166667
"V2027",0.696361400462963
"V2028",0.69091796875
"V2029",0.65306712962963
"V2030",0.65306712962963
"V2031",0.642650462962963
"V2032",0.645109953703704
"V2033",0.66455078125
"V2034",0.649992766203704
"V2035",0.688060619212963
"V2036",0.67724609375
"V2037",0.68212890625
"V2038",0.643663194444444
"V2039",0.679958767361111
"V2040",0.692581741898148
"V2041",0.693359375
"V2042",0.67163990162037
"V2043",0.664605034722222
"V2044",0.66724537037037
"V2045",0.667136863425926
"V2046",0.650824652777778
"V2047",0.628978587962963
"V2048",0.657081886574074
"V2049",0.673249421296296
"V2050",0.673502604166667
"V2051",0.66283275462963
"V2052",0.673249421296296
"V2053",0.65990306712963
"V2054",0.63548900462963
"V2055",0.67455150462963
"V2056",0.692527488425926
"V2057",0.725911458333333
"V2058",0.67455150462963
"V2059",0.682707609953704
"V2060",0.679181134259259
"V2061",0.528645833333333
"V2062",0.559895833333333
"V2063",0.560763888888889
"V2064",0.690899884259259
"V2065",0.693865740740741
"V2066",0.696469907407407
"V2067",0.535083912037037
"V2068",0.626157407407407
"V2069",0.680266203703704
"V2070",0.66724537037037
"V2071",0.682291666666667
"V2072",0.647786458333333
"V2073",0.638744212962963
"V2074",0.643156828703704
"V2075",0.672815393518518
"V2076",0.672815393518518
"V2077",0.680881076388889
"V2078",0.659469039351852
"V2079",0.680881076388889
"V2080",0.678602430555556
"V2081",0.639250578703704
"V2082",0.663773148148148
"V2083",0.627097800925926
"V2084",0.626989293981482
"V2085",0.620912905092593
"V2086",0.615270543981482
"V2087",0.595666956018518
"V2088",0.587275752314815
"V2089",0.594364872685185
"V2090",0.620804398148148
"V2091",0.606372974537037
"V2092",0.610713252314815
"V2093",0.610713252314815
"V2094",0.602900752314815
"V2095",0.585503472222222
"V2096",0.594762731481482
"V2097",0.596571180555556
"V2098",0.61158130787037
"V2099",0.625
"V2100",0.61988208912037
"V2101",0.605740017361111
"V2102",0.573676215277778
"V2103",0.558521412037037
"V2104",0.57421875
"V2105",0.63671875
"V2106",0.619791666666667
"V2107",0.616536458333333
"V2108",0.628978587962963
"V2109",0.635814525462963
"V2110",0.649124710648148
"V2111",0.648980034722222
"V2112",0.648654513888889
"V2113",0.659071180555556
"V2114",0.665581597222222
"V2115",0.642144097222222
"V2116",0.641239872685185
"V2117",0.652922453703704
"V2118",0.64576099537037
"V2119",0.645399305555556
"V2120",0.662651909722222
"V2121",0.648763020833333
"V2122",0.653247974537037
"V2123",0.646412037037037
"V2124",0.666919849537037
"V2125",0.666919849537037
"V2126",0.66040943287037
"V2127",0.660734953703704
"V2128",0.62890625
"V2129",0.628327546296296
"V2130",0.628327546296296
"V2131",0.603913483796296
"V2132",0.651692708333333
"V2133",0.595196759259259
"V2134",0.607494212962963
"V2135",0.593569155092593
"V2136",0.593731915509259
"V2137",0.559461805555555
"V2138",0.572916666666667
"V2139",0.560185185185185
"V2140",0.529513888888889
"V2141",0.549840856481482
"V2142",0.531684027777778
"V2143",0.533239293981482
"V2144",0.527633101851852
"V2145",0.564814814814815
"V2146",0.538194444444445
"V2147",0.579752604166667
"V2148",0.57201244212963
"V2149",0.58763744212963
"V2150",0.571180555555556
"V2151",0.572337962962963
"V2152",0.60326244212963
"V2153",0.585828993055556
"V2154",0.583043981481482
"V2155",0.533709490740741
"V2156",0.548032407407407
"V2157",0.539388020833333
"V2158",0.538049768518518
"V2159",0.568865740740741
"V2160",0.59375
"V2161",0.570601851851852
"V2162",0.564959490740741
"V2163",0.583333333333333
"V2164",0.560474537037037
"V2165",0.559751157407407
"V2166",0.546549479166667
"V2167",0.544849537037037
"V2168",0.536711516203704
"V2169",0.522316261574074
"V2170",0.536422164351852
"V2171",0.546115451388889
"V2172",0.548466435185185
"V2173",0.550998263888889
"V2174",0.561631944444444
"V2175",0.540364583333333
"V2176",0.537615740740741
"V2177",0.550419560185185
"V2178",0.546350549768518
"V2179",0.57689525462963
"V2180",0.58666087962963
"V2181",0.58666087962963
"V2182",0.59252025462963
"V2183",0.616536458333333
"V2184",0.631727430555556
"V2185",1
"V2186",0.599175347222222
"V2187",0.561957465277778
"V2188",0.559027777777778
"V2189",0.587384259259259
"V2190",0.585648148148148
"V2191",0.58275462962963
"V2192",0.58275462962963
"V2193",0.580439814814815
"V2194",0.60523365162037
"V2195",0.593225549768518
"V2196",0.620732060185185
"V2197",0.634006076388889
"V2198",0.606336805555556
"V2199",0.655164930555556
"V2200",0.612196180555556
"V2201",0.627821180555556
"V2202",0.59740306712963
"V2203",0.66966869212963
"V2204",0.66966869212963
"V2205",0.68798828125
"V2206",0.71533203125
"V2207",0.755063657407407
"V2208",0.755063657407407
"V2209",0.720811631944444
"V2210",0.732096354166667
"V2211",0.767180266203704
"V2212",0.748517071759259
"V2213",0.738661024305556
"V2214",0.786241319444444
"V2215",0.771665219907407
"V2216",0.64623119212963
"V2217",0.559389467592593
"V2218",0.529622395833333
"V2219",0.671079282407407
"V2220",0.761320891203704
"V2221",0.748517071759259
"V2222",0.746997974537037
"V2223",0.557472511574074
"V2224",0.75462962962963
"V2225",0.741970486111111
"V2226",0.696795428240741
"V2227",0.659143518518518
"V2228",0.650571469907407
"V2229",0.597330729166667
"V2230",0.611111111111111
"V2231",0.591941550925926
"V2232",0.591941550925926
"V2233",0.549696180555556
"V2234",0.521339699074074
"V2235",0.504376446759259
"V2236",0.531846788194445
"V2237",0.560962818287037
"V2238",0.528229890046296
"V2239",0.5166015625
"V2240",0.527180989583333
"V2241",0.579173900462963
"V2242",0.612449363425926
"V2243",0.567907262731482
"V2244",0.541630497685185
"V2245",0.571813512731482
"V2246",0.574363425925926
"V2247",0.532172309027778
"V2248",0.503833912037037
"V2249",0.552372685185185
"V2250",0.543113425925926
"V2251",0.518844039351852
"V2252",0.553530092592593
"V2253",0.544994212962963
"V2254",0.555844907407407
"V2255",0.543402777777778
"V2256",0.53125
"V2257",0.532986111111111
"V2258",0.517216435185185
"V2259",0.55689380787037
"V2260",0.524739583333333
"V2261",0.593388310185185
"V2262",0.593388310185185
"V2263",0.575231481481482
"V2264",0.58203125
"V2265",0.58326099537037
"V2266",0.545717592592593
"V2267",0.561342592592593
"V2268",0.579065393518518
"V2269",0.593894675925926
"V2270",0.600296585648148
"V2271",0.532552083333333
"V2272",0.584056712962963
"V2273",0.562210648148148
"V2274",0.581597222222222
"V2275",0.597059461805556
"V2276",0.648455584490741
"V2277",0.650245949074074
"V2278",0.610677083333333
"V2279",0.618055555555556
"V2280",0.616409866898148
"V2281",0.584201388888889
"V2282",0.59837962962963
"V2283",0.615433304398148
"V2284",0.594618055555556
"V2285",0.576822916666667
"V2286",0.568431712962963
"V2287",0.59740306712963
"V2288",0.574074074074074
"V2289",0.581163194444444
"V2290",0.59447337962963
"V2291",0.562065972222222
"V2292",0.551305700231482
"V2293",0.541232638888889
"V2294",0.547309027777778
"V2295",0.558304398148148
"V2296",0.554108796296296
"V2297",0.567889178240741
"V2298",0.538773148148148
"V2299",0.549660011574074
"V2300",0.578776041666667
"V2301",0.578776041666667
"V2302",0.55248119212963
"V2303",0.544560185185185
"V2304",0.553240740740741
"V2305",0.561921296296296
"V2306",0.560763888888889
"V2307",0.558449074074074
"V2308",0.534722222222222
"V2309",0.530598958333333
"V2310",0.539641203703704
"V2311",0.553566261574074
"V2312",0.520688657407407
"V2313",0.544415509259259
"V2314",0.557291666666667
"V2315",0.571614583333333
"V2316",0.594907407407407
"V2317",0.587384259259259
"V2318",0.565827546296296
"V2319",0.555555555555556
"V2320",0.54466869212963
"V2321",0.547309027777778
"V2322",0.563802083333333
"V2323",0.562789351851852
"V2324",0.562789351851852
"V2325",0.556134259259259
"V2326",0.550925925925926
"V2327",0.561921296296296
"V2328",0.596643518518518
"V2329",0.581163194444445
"V2330",0.583188657407407
"V2331",0.548629195601852
"V2332",0.546296296296296
"V2333",0.544885706018518
"V2334",0.534107349537037
"V2335",0.550419560185185
"V2336",0.539532696759259
"V2337",0.530092592592593
"V2338",0.544234664351852
"V2339",0.544234664351852
"V2340",0.530092592592593
"V2341",0.552734375
"V2342",0.556568287037037
"V2343",0.549334490740741
"V2344",0.541377314814815
"V2345",0.560763888888889
"V2346",0.572120949074074
"V2347",0.566731770833333
"V2348",0.546947337962963
"V2349",0.563946759259259
"V2350",0.548177083333333
"V2351",0.566695601851852
"V2352",0.579282407407407
"V2353",0.590856481481482
"V2354",0.565972222222222
"V2355",0.569155092592593
"V2356",0.590476707175926
"V2357",0.576244212962963
"V2358",0.588975694444444
"V2359",0.564236111111111
"V2360",0.56519458912037
"V2361",0.571903935185185
"V2362",0.565393518518518
"V2363",0.565393518518518
"V2364",0.572627314814815
"V2365",0.561342592592593
"V2366",0.585069444444444
"V2367",0.602430555555556
"V2368",0.594762731481482
"V2369",0.595811631944444
"V2370",0.592936197916667
"V2371",0.590060763888889
"V2372",0.599103009259259
"V2373",0.622359664351852
"V2374",0.59595630787037
"V2375",0.604600694444444
"V2376",0.60521556712963
"V2377",0.614583333333333
"V2378",0.609049479166667
"V2379",0.607747395833333
"V2380",0.682544849537037
"V2381",0.661313657407407
"V2382",0.643084490740741
"V2383",0.670500578703704
"V2384",0.65502025462963
"V2385",0.638093171296296
"V2386",0.596607349537037
"V2387",0.586516203703704
"V2388",0.608615451388889
"V2389",0.598705150462963
"V2390",0.584165219907407
"V2391",0.611617476851852
"V2392",0.648039641203704
"V2393",0.641239872685185
"V2394",0.631655092592593
"V2395",0.619140625
"V2396",0.631257233796296
"V2397",0.619140625
"V2398",0.617332175925926
"V2399",0.617332175925926
"V2400",0.611472800925926
"V2401",0.636429398148148
"V2402",0.649197048611111
"V2403",0.605613425925926
"V2404",0.638888888888889
"V2405",0.644856770833333
"V2406",0.642126012731482
"V2407",0.581344039351852
"V2408",0.619683159722222
"V2409",0.624710648148148
"V2410",0.651728877314815
"V2411",0.656756365740741
"V2412",0.677191840277778
"V2413",0.675311053240741
"V2414",0.669451678240741
"V2415",0.654658564814815
"V2416",0.67845775462963
"V2417",0.658058449074074
"V2418",0.654966001157407
"V2419",0.655128761574074
"V2420",0.646990740740741
"V2421",0.640100549768518
"V2422",0.646990740740741
"V2423",0.634765625
"V2424",0.621527777777778
"V2425",0.625144675925926
"V2426",0.608506944444444
"V2427",0.603877314814815
"V2428",0.602864583333333
"V2429",0.61328125
"V2430",0.599971064814815
"V2431",0.587384259259259
"V2432",0.582248263888889
"V2433",0.553240740740741
"V2434",0.589879918981482
"V2435",0.61328125
"V2436",0.595920138888889
"V2437",0.586082175925926
"V2438",0.600694444444444
"V2439",0.600694444444444
"V2440",0.578559027777778
"V2441",0.577835648148148
"V2442",0.522243923611111
"V2443",0.573151765046296
"V2444",0.535373263888889
"V2445",0.521809895833333
"V2446",0.519639756944445
"V2447",0.521809895833333
"V2448",0.559208622685185
"V2449",0.514865451388889
"V2450",0.519097222222222
"V2451",0.530671296296296
"V2452",0.557761863425926
"V2453",0.538483796296296
"V2454",0.536168981481482
"V2455",0.534396701388889
"V2456",0.525571469907407
"V2457",0.549370659722222
"V2458",0.560474537037037
"V2459",0.545066550925926
"V2460",0.512966579861111
"V2461",0.502387152777778
"V2462",0.513870804398148
"V2463",0.52369068287037
"V2464",0.606553819444444
"V2465",0.623987268518518
"V2466",0.615740740740741
"V2467",0.612973813657407
"V2468",0.566189236111111
"V2469",0.602864583333333
"V2470",0.592466001157407
"V2471",0.582609953703704
"V2472",0.588722511574074
"V2473",0.581163194444444
"V2474",0.561686197916667
"V2475",0.55248119212963
"V2476",0.587058738425926
"V2477",0.573423032407407
"V2478",0.577473958333333
"V2479",0.562174479166667
"V2480",0.563259548611111
"V2481",0.579390914351852
"V2482",0.613606770833333
"V2483",0.597728587962963
"V2484",0.583405671296296
"V2485",0.584129050925926
"V2486",0.589771412037037
"V2487",0.574761284722222
"V2488",0.592086226851852
"V2489",0.592086226851852
"V2490",0.592086226851852
"V2491",0.60619212962963
"V2492",0.598307291666667
"V2493",0.592954282407407
"V2494",0.589192708333333
"V2495",0.558738425925926
"V2496",0.587348090277778
"V2497",0.599754050925926
"V2498",0.573929398148148
"V2499",0.577184606481482
"V2500",0.574652777777778
"V2501",0.612268518518518
"V2502",0.641384548611111
"V2503",0.607494212962963
"V2504",0.589952256944444
"V2505",0.549370659722222
"V2506",0.550998263888889
"V2507",0.549153645833333
"V2508",0.554470486111111
"V2509",0.577130353009259
"V2510",0.569607204861111
"V2511",0.567093460648148
"V2512",0.557779947916667
"V2513",0.570746527777778
"V2514",0.549388744212963
"V2515",0.55345775462963
"V2516",0.60376880787037
"V2517",0.585250289351852
"V2518",0.575810185185185
"V2519",0.579065393518518
"V2520",0.547489872685185
"V2521",0.534125434027778
"V2522",0.545500578703704
"V2523",0.520471643518518
"V2524",0.542787905092593
"V2525",0.564579716435185
"V2526",0.539351851851852
"V2527",0.55787037037037
"V2528",0.520688657407407
"V2529",0.5615234375
"V2530",0.546006944444444
"V2531",0.545283564814815
"V2532",0.555989583333333
"V2533",0.541521990740741
"V2534",0.542679398148148
"V2535",0.51927806712963
"V2536",0.524811921296296
"V2537",0.555483217592593
"V2538",0.551088686342593
"V2539",0.560329861111111
"V2540",0.555844907407407
"V2541",0.549334490740741
"V2542",0.523003472222222
"V2543",0.543981481481482
"V2544",0.541956018518519
"V2545",0.531774450231482
"V2546",0.62037037037037
"V2547",0.622395833333333
"V2548",0.655815972222222
"V2549",0.641927083333333
"V2550",0.621238425925926
"V2551",0.638888888888889
"V2552",0.630931712962963
"V2553",0.617476851851852
"V2554",0.610243055555556
"V2555",0.589554398148148
"V2556",0.600260416666667
"V2557",0.58912037037037
"V2558",0.608796296296296
"V2559",0.613425925925926
"V2560",0.606481481481481
"V2561",0.561740451388889
"V2562",0.559461805555555
"V2563",0.559461805555555
"V2564",0.582628038194445
"V2565",0.572337962962963
"V2566",0.561125578703704
"V2567",0.571831597222222
"V2568",0.566587094907407
"V2569",0.548900462962963
"V2570",0.555844907407407
"V2571",0.595124421296296
"V2572",0.5625
"V2573",0.532118055555556
"V2574",0.551251446759259
"V2575",0.549406828703704
"V2576",0.566912615740741
"V2577",0.531105324074074
"V2578",0.507595486111111
"V2579",0.535915798611111
"V2580",0.548466435185185
"V2581",0.538736979166667
"V2582",0.572554976851852
"V2583",0.579210069444444
"V2584",0.577907986111111
"V2585",0.55052806712963
"V2586",0.5390625
"V2587",0.516565393518518
"V2588",0.526041666666667
"V2589",0.523093894675926
"V2590",0.53125
"V2591",0.59107349537037
"V2592",0.637333622685185
"V2593",0.636067708333333
"V2594",0.64623119212963
"V2595",0.634078414351852
"V2596",0.624421296296296
"V2597",0.612268518518518
"V2598",0.599826388888889
"V2599",0.595504195601852
"V2600",0.6298828125
"V2601",0.616174768518518
"V2602",0.626139322916667
"V2603",0.594346788194445
"V2604",0.600929542824074
"V2605",0.620876736111111
"V2606",0.601598668981482
"V2607",0.620876736111111
"V2608",0.615740740740741
"V2609",0.635308159722222
"V2610",0.607602719907407
"V2611",0.594762731481482
"V2612",0.580692997685185
"V2613",0.577076099537037
"V2614",0.609989872685185
"V2615",0.622902199074074
"V2616",0.636393229166667
"V2617",0.645869502314815
"V2618",0.632957175925926
"V2619",0.593370225694445
"V2620",0.617730034722222
"V2621",0.626193576388889
"V2622",0.606915509259259
"V2623",0.617983217592593
"V2624",0.588975694444444
"V2625",0.592592592592593
"V2626",0.588831018518518
"V2627",0.531575520833333
"V2628",0.540798611111111
"V2629",0.555483217592593
"V2630",0.565031828703704
"V2631",0.564561631944444
"V2632",0.582302517361111
"V2633",0.553927951388889
"V2634",0.567057291666667
"V2635",0.561704282407407
"V2636",0.56029369212963
"V2637",0.596281828703704
"V2638",0.609772858796296
"V2639",0.634946469907407
"V2640",0.640588831018518
"V2641",0.639033564814815
"V2642",0.654441550925926
"V2643",0.631004050925926
"V2644",0.650499131944444
"V2645",0.631004050925926
"V2646",0.635344328703704
"V2647",0.590169270833333
"V2648",0.589735243055556
"V2649",0.603045428240741
"V2650",0.629774305555556
"V2651",0.603949652777778
"V2652",0.632921006944444
"V2653",0.625542534722222
"V2654",0.634295428240741
"V2655",0.6123046875
"V2656",0.644856770833333
"V2657",0.582320601851852
"V2658",0.564670138888889
"V2659",0.549479166666667
"V2660",0.570529513888889
"V2661",0.560329861111111
"V2662",0.620515046296296
"V2663",0.660590277777778
"V2664",0.647135416666667
"V2665",0.612847222222222
"V2666",0.596788194444444
"V2667",0.633101851851852
"V2668",0.633101851851852
"V2669",0.614149305555556
"V2670",0.637152777777778
"V2671",0.614149305555556
"V2672",0.587818287037037
"V2673",0.559172453703704
"V2674",0.58203125
"V2675",0.565104166666667
"V2676",0.597077546296296
"V2677",0.615596064814815
"V2678",0.631799768518518
"V2679",0.632378472222222
"V2680",0.634403935185185
"V2681",0.616608796296296
"V2682",0.608362268518518
"V2683",0.621527777777778
"V2684",0.599103009259259
"V2685",0.593532986111111
"V2686",0.603587962962963
"V2687",0.616608796296296
"V2688",0.617476851851852
"V2689",0.609085648148148
"V2690",0.612702546296296
"V2691",0.638744212962963
"V2692",0.617476851851852
"V2693",0.612702546296296
"V2694",0.621527777777778
"V2695",0.595920138888889
"V2696",0.608217592592593
"V2697",0.595920138888889
"V2698",0.596498842592593
"V2699",0.6171875
"V2700",0.526475694444444
"V2701",0.522985387731482
"V2702",0.526331018518518
"V2703",0.527271412037037
"V2704",0.523148148148148
"V2705",0.581018518518518
"V2706",0.589409722222222
"V2707",0.578125
"V2708",0.596354166666667
"V2709",0.623553240740741
"V2710",0.650896990740741
"V2711",0.640625
"V2712",0.645688657407407
"V2713",0.641927083333333
"V2714",0.649305555555556
"V2715",0.655237268518518
"V2716",0.64380787037037
"V2717",0.644820601851852
"V2718",0.623263888888889
"V2719",0.613425925925926
"V2720",0.564959490740741
"V2721",0.549424913194444
"V2722",0.575810185185185
"V2723",0.562065972222222
"V2724",0.679542824074074
"V2725",0.65306712962963
"V2726",0.658854166666667
"V2727",0.669126157407407
"V2728",0.662037037037037
"V2729",0.621238425925926
"V2730",0.65697337962963
"V2731",0.673466435185185
"V2732",0.664026331018518
"V2733",0.684859664351852
"V2734",0.676649305555556
"V2735",0.686631944444444
"V2736",0.686631944444444
"V2737",0.686631944444444
"V2738",0.652488425925926
"V2739",0.641493055555555
"V2740",0.64453125
"V2741",0.641782407407407
"V2742",0.645200376157407
"V2743",0.645109953703704
"V2744",0.644820601851852
"V2745",0.661024305555556
"V2746",0.65697337962963
"V2747",0.674045138888889
"V2748",0.674045138888889
"V2749",0.668981481481482
"V2750",0.678674768518518
"V2751",0.687355324074074
"V2752",0.670138888888889
"V2753",0.661458333333333
"V2754",0.642795138888889
"V2755",0.632378472222222
"V2756",0.615451388888889
"V2757",0.59447337962963
"V2758",0.600549768518519
"V2759",0.578396267361111
"V2760",0.583043981481482
"V2761",0.619665075231482
"V2762",0.570674189814815
"V2763",0.558883101851852
"V2764",0.54615162037037
"V2765",0.510886863425926
"V2766",0.548412181712963
"V2767",0.553674768518518
"V2768",0.553638599537037
"V2769",0.554108796296296
"V2770",0.525462962962963
"V2771",0.518446180555556
"V2772",0.550419560185185
"V2773",0.538049768518518
"V2774",0.526041666666667
"V2775",0.515480324074074
"V2776",0.520833333333333
"V2777",0.542028356481482
"V2778",0.506944444444444
"V2779",0.510597511574074
"V2780",0.546205873842593
"V2781",0.532262731481482
"V2782",0.561631944444444
"V2783",0.504918981481482
"V2784",0.517650462962963
"V2785",0.540328414351852
"V2786",0.525065104166667
"V2787",0.526331018518518
"V2788",0.531358506944445
"V2789",0.544270833333333
"V2790",0.533564814814815
"V2791",0.523853443287037
"V2792",0.542136863425926
"V2793",0.559118200231482
"V2794",0.564163773148148
"V2795",0.598560474537037
"V2796",0.55689380787037
"V2797",0.547290943287037
"V2798",0.56275318287037
"V2799",0.571433738425926
"V2800",0.586281105324074
"V2801",0.561559606481482
"V2802",0.545609085648148
"V2803",0.567111545138889
"V2804",0.562210648148148
"V2805",0.536458333333333
"V2806",0.567274305555555
"V2807",0.56568287037037
"V2808",0.546169704861111
"V2809",0.545862268518518
"V2810",0.547887731481482
"V2811",0.566695601851852
"V2812",0.535264756944444
"V2813",0.543655960648148
"V2814",0.519495081018518
"V2815",0.558015046296296
"V2816",0.566984953703704
"V2817",0.587528935185185
"V2818",0.597366898148148
"V2819",0.58203125
"V2820",0.557146990740741
"V2821",0.557146990740741
"V2822",0.570167824074074
"V2823",0.557146990740741
"V2824",0.547019675925926
"V2825",0.570167824074074
"V2826",0.560329861111111
"V2827",0.558286313657407
"V2828",0.560329861111111
"V2829",0.588975694444444
"V2830",0.555374710648148
"V2831",0.548502604166667
"V2832",0.535843460648148
"V2833",0.535138165509259
"V2834",0.534848813657407
